Skill,Domain,Count,JobPostedMonth,Source
Sales,Business,2580.0,2021-01-01,MYFutureJobs
Communication,Business,2151.0,2021-01-01,MYFutureJobs
English,Others,1932.0,2021-01-01,MYFutureJobs
Management,Business,1893.0,2021-01-01,MYFutureJobs
Training,Business,1398.0,2021-01-01,MYFutureJobs
Marketing,Business,1305.0,2021-01-01,MYFutureJobs
Design,Others,1183.0,2021-01-01,MYFutureJobs
Documentation,Business,971.0,2021-01-01,MYFutureJobs
Engineering,Others,942.0,2021-01-01,MYFutureJobs
Market,Business,903.0,2021-01-01,MYFutureJobs
Reporting,Business,864.0,2021-01-01,MYFutureJobs
Manufacturing,Business,856.0,2021-01-01,MYFutureJobs
Customer Service,Business,760.0,2021-01-01,MYFutureJobs
Repair,Others,721.0,2021-01-01,MYFutureJobs
Construction,Business,652.0,2021-01-01,MYFutureJobs
Security,Information Technology (IT),652.0,2021-01-01,MYFutureJobs
Analytical,Business,632.0,2021-01-01,MYFutureJobs
Budget,Business,621.0,2021-01-01,MYFutureJobs
Accounting,Business,621.0,2021-01-01,MYFutureJobs
Testing,Computer Science,620.0,2021-01-01,MYFutureJobs
Problem Solving,Business,615.0,2021-01-01,MYFutureJobs
Email,Business,612.0,2021-01-01,MYFutureJobs
Administration,Business,592.0,2021-01-01,MYFutureJobs
Presentation,Business,591.0,2021-01-01,MYFutureJobs
Research,Business,583.0,2021-01-01,MYFutureJobs
Finance,Business,580.0,2021-01-01,MYFutureJobs
Processing,Business,571.0,2021-01-01,MYFutureJobs
Audit,Business,569.0,2021-01-01,MYFutureJobs
Social Media,Others,539.0,2021-01-01,MYFutureJobs
Sentry,Information Technology (IT),507.0,2021-01-01,MYFutureJobs
Database,Computer Science,464.0,2021-01-01,MYFutureJobs
Platform,Computer Science,461.0,2021-01-01,MYFutureJobs
Video,Others,459.0,2021-01-01,MYFutureJobs
Writing,Business,456.0,2021-01-01,MYFutureJobs
Electronics,Others,431.0,2021-01-01,MYFutureJobs
Machinery,Others,427.0,2021-01-01,MYFutureJobs
Leadership,Business,426.0,2021-01-01,MYFutureJobs
Network,Information Technology (IT),384.0,2021-01-01,MYFutureJobs
Excel,Business,380.0,2021-01-01,MYFutureJobs
Microsoft Office,Business,330.0,2021-01-01,MYFutureJobs
Logistics,Business,318.0,2021-01-01,MYFutureJobs
Banking,Business,318.0,2021-01-01,MYFutureJobs
Negotiation,Business,304.0,2021-01-01,MYFutureJobs
Accuracy,Business,302.0,2021-01-01,MYFutureJobs
Advertising,Business,286.0,2021-01-01,MYFutureJobs
Graphic Design,Others,284.0,2021-01-01,MYFutureJobs
Property,Business,281.0,2021-01-01,MYFutureJobs
Law,Others,279.0,2021-01-01,MYFutureJobs
Business Development,Business,279.0,2021-01-01,MYFutureJobs
Metals,Others,275.0,2021-01-01,MYFutureJobs
Image,Others,275.0,2021-01-01,MYFutureJobs
Production Process,Business,272.0,2021-01-01,MYFutureJobs
Human Resources (HR),Business,262.0,2021-01-01,MYFutureJobs
Collaboration,Business,254.0,2021-01-01,MYFutureJobs
Malay,Others,250.0,2021-01-01,MYFutureJobs
Insurance,Business,249.0,2021-01-01,MYFutureJobs
Retail,Business,249.0,2021-01-01,MYFutureJobs
Ad Design,Others,243.0,2021-01-01,MYFutureJobs
Media,Others,243.0,2021-01-01,MYFutureJobs
Automation,Information Technology (IT),241.0,2021-01-01,MYFutureJobs
Accountancy,Business,234.0,2021-01-01,MYFutureJobs
Quality Control,Business,233.0,2021-01-01,MYFutureJobs
Scheduling,Business,229.0,2021-01-01,MYFutureJobs
Brand Management,Business,224.0,2021-01-01,MYFutureJobs
AutoCAD,Others,224.0,2021-01-01,MYFutureJobs
Operating System,Computer Science,224.0,2021-01-01,MYFutureJobs
Hardware,Computer Science,221.0,2021-01-01,MYFutureJobs
Project Management,Business,214.0,2021-01-01,MYFutureJobs
Quality Assurance (QA),Business,214.0,2021-01-01,MYFutureJobs
Translation,Others,212.0,2021-01-01,MYFutureJobs
Compiler,Computer Science,211.0,2021-01-01,MYFutureJobs
Agile,Computer Science,203.0,2021-01-01,MYFutureJobs
Time Management,Business,203.0,2021-01-01,MYFutureJobs
Transportation,Business,201.0,2021-01-01,MYFutureJobs
Sorting,Computer Science,200.0,2021-01-01,MYFutureJobs
Assembly,Computer Science,200.0,2021-01-01,MYFutureJobs
Innovation,Business,200.0,2021-01-01,MYFutureJobs
Chemical,Others,196.0,2021-01-01,MYFutureJobs
Configuration,Computer Science,193.0,2021-01-01,MYFutureJobs
Coding,Computer Science,191.0,2021-01-01,MYFutureJobs
Selection,Computer Science,190.0,2021-01-01,MYFutureJobs
IT Operations,Information Technology (IT),189.0,2021-01-01,MYFutureJobs
C,Computer Science,188.0,2021-01-01,MYFutureJobs
Closing,Business,186.0,2021-01-01,MYFutureJobs
eCommerce,Business,185.0,2021-01-01,MYFutureJobs
Digital Marketing,Business,185.0,2021-01-01,MYFutureJobs
Architecture,Others,184.0,2021-01-01,MYFutureJobs
Coaching,Others,182.0,2021-01-01,MYFutureJobs
Internet,Information Technology (IT),180.0,2021-01-01,MYFutureJobs
Technical Support,Information Technology (IT),176.0,2021-01-01,MYFutureJobs
Mechanical Engineering,Others,174.0,2021-01-01,MYFutureJobs
Procurement,Business,173.0,2021-01-01,MYFutureJobs
Programming,Business,169.0,2021-01-01,MYFutureJobs
Financial Statement,Business,167.0,2021-01-01,MYFutureJobs
Cooking,Others,167.0,2021-01-01,MYFutureJobs
Creatio,Information Technology (IT),167.0,2021-01-01,MYFutureJobs
Chef,Information Technology (IT),166.0,2021-01-01,MYFutureJobs
JavaScript,Computer Science,165.0,2021-01-01,MYFutureJobs
Marketing Research,Business,163.0,2021-01-01,MYFutureJobs
Microsoft,Business,163.0,2021-01-01,MYFutureJobs
Teamwork,Business,163.0,2021-01-01,MYFutureJobs
Facebook,Others,161.0,2021-01-01,MYFutureJobs
Windows,Computer Science,160.0,2021-01-01,MYFutureJobs
Nonverbal Communication,Business,157.0,2021-01-01,MYFutureJobs
Electronic Engineering,Others,157.0,2021-01-01,MYFutureJobs
Product Development,Business,157.0,2021-01-01,MYFutureJobs
Healthcare,Others,157.0,2021-01-01,MYFutureJobs
Electrical Engineering,Others,156.0,2021-01-01,MYFutureJobs
Java,Computer Science,153.0,2021-01-01,MYFutureJobs
Investment,Business,151.0,2021-01-01,MYFutureJobs
Welding,Others,151.0,2021-01-01,MYFutureJobs
Python,Computer Science,149.0,2021-01-01,MYFutureJobs
Market Research,Business,149.0,2021-01-01,MYFutureJobs
Fabrication,Business,148.0,2021-01-01,MYFutureJobs
Decision Making,Business,147.0,2021-01-01,MYFutureJobs
Creativity,Others,145.0,2021-01-01,MYFutureJobs
Editing,Business,138.0,2021-01-01,MYFutureJobs
SAP,Computer Science,138.0,2021-01-01,MYFutureJobs
Forecasting,Business,137.0,2021-01-01,MYFutureJobs
Risk Management,Business,137.0,2021-01-01,MYFutureJobs
Consulting,Business,132.0,2021-01-01,MYFutureJobs
Accounts Payable,Business,132.0,2021-01-01,MYFutureJobs
Statistics,Data Science,130.0,2021-01-01,MYFutureJobs
Software Engineering,Computer Science,130.0,2021-01-01,MYFutureJobs
Interpreter,Computer Science,128.0,2021-01-01,MYFutureJobs
Business Plan,Business,128.0,2021-01-01,MYFutureJobs
Business Process,Business,125.0,2021-01-01,MYFutureJobs
Trade,Business,125.0,2021-01-01,MYFutureJobs
Plastics,Others,124.0,2021-01-01,MYFutureJobs
Instagram,Others,124.0,2021-01-01,MYFutureJobs
Box,Information Technology (IT),122.0,2021-01-01,MYFutureJobs
Account Receivable,Business,122.0,2021-01-01,MYFutureJobs
Networking,Business,121.0,2021-01-01,MYFutureJobs
Router,Information Technology (IT),120.0,2021-01-01,MYFutureJobs
RStudio,Computer Science,119.0,2021-01-01,MYFutureJobs
Photography,Business,118.0,2021-01-01,MYFutureJobs
Software Development,Computer Science,117.0,2021-01-01,MYFutureJobs
Business Administration,Business,115.0,2021-01-01,MYFutureJobs
Profiler,Computer Science,114.0,2021-01-01,MYFutureJobs
MySQL,Computer Science,113.0,2021-01-01,MYFutureJobs
User Experience (UX),Others,112.0,2021-01-01,MYFutureJobs
Hospitality,Business,109.0,2021-01-01,MYFutureJobs
Balance Sheet,Business,107.0,2021-01-01,MYFutureJobs
PowerPoint,Business,107.0,2021-01-01,MYFutureJobs
Microsoft Excel,Business,107.0,2021-01-01,MYFutureJobs
Quality Management,Business,103.0,2021-01-01,MYFutureJobs
Effective Communication,Business,101.0,2021-01-01,MYFutureJobs
Oracle,Computer Science,100.0,2021-01-01,MYFutureJobs
Publishing,Business,100.0,2021-01-01,MYFutureJobs
Information System,Information Technology (IT),100.0,2021-01-01,MYFutureJobs
Dashboard,Data Science,96.0,2021-01-01,MYFutureJobs
Saving,Others,95.0,2021-01-01,MYFutureJobs
Methodology,Business,95.0,2021-01-01,MYFutureJobs
Objective-C,Computer Science,94.0,2021-01-01,MYFutureJobs
Programming Language,Computer Science,94.0,2021-01-01,MYFutureJobs
R,Computer Science,94.0,2021-01-01,MYFutureJobs
Adobe Photoshop,Others,94.0,2021-01-01,MYFutureJobs
Protocol,Information Technology (IT),92.0,2021-01-01,MYFutureJobs
Machine Learning,Data Science,92.0,2021-01-01,MYFutureJobs
Front End,Computer Science,92.0,2021-01-01,MYFutureJobs
Linux,Computer Science,91.0,2021-01-01,MYFutureJobs
Git,Computer Science,91.0,2021-01-01,MYFutureJobs
Accounting Software,Business,91.0,2021-01-01,MYFutureJobs
Office Administration,Business,90.0,2021-01-01,MYFutureJobs
Medium,Business,89.0,2021-01-01,MYFutureJobs
Critical Thinking,Business,89.0,2021-01-01,MYFutureJobs
Perceptron,Data Science,88.0,2021-01-01,MYFutureJobs
Software Tool,Computer Science,87.0,2021-01-01,MYFutureJobs
PHP,Computer Science,86.0,2021-01-01,MYFutureJobs
Business Operations,Business,85.0,2021-01-01,MYFutureJobs
Searching,Computer Science,83.0,2021-01-01,MYFutureJobs
Organizational Skill,Business,82.0,2021-01-01,MYFutureJobs
C#,Computer Science,82.0,2021-01-01,MYFutureJobs
Telecommunication,Information Technology (IT),81.0,2021-01-01,MYFutureJobs
Management Accounting,Business,80.0,2021-01-01,MYFutureJobs
Biology,Others,80.0,2021-01-01,MYFutureJobs
Business Analysis,Business,80.0,2021-01-01,MYFutureJobs
Data Analysis,Data Science,79.0,2021-01-01,MYFutureJobs
Mathematics,Others,78.0,2021-01-01,MYFutureJobs
Economics,Others,78.0,2021-01-01,MYFutureJobs
Telemarketing,Business,77.0,2021-01-01,MYFutureJobs
Azure,Information Technology (IT),77.0,2021-01-01,MYFutureJobs
Sports,Others,77.0,2021-01-01,MYFutureJobs
Civil Engineering,Others,77.0,2021-01-01,MYFutureJobs
Mechatronics,Others,76.0,2021-01-01,MYFutureJobs
Chart,Business,76.0,2021-01-01,MYFutureJobs
Recruiting,Business,75.0,2021-01-01,MYFutureJobs
Customer Experience,Business,75.0,2021-01-01,MYFutureJobs
Kubernetes,Information Technology (IT),75.0,2021-01-01,MYFutureJobs
LeSS,Computer Science,74.0,2021-01-01,MYFutureJobs
Web Application,Computer Science,74.0,2021-01-01,MYFutureJobs
History,Others,72.0,2021-01-01,MYFutureJobs
Machining,Others,72.0,2021-01-01,MYFutureJobs
Scrum,Computer Science,71.0,2021-01-01,MYFutureJobs
Twitter,Others,71.0,2021-01-01,MYFutureJobs
Business Management,Business,71.0,2021-01-01,MYFutureJobs
Systems Theory,Others,71.0,2021-01-01,MYFutureJobs
Research and Development (R&D),Business,70.0,2021-01-01,MYFutureJobs
Online Media,Business,70.0,2021-01-01,MYFutureJobs
Root Cause Analysis,Business,70.0,2021-01-01,MYFutureJobs
Automotive,Others,70.0,2021-01-01,MYFutureJobs
Calendar,Business,69.0,2021-01-01,MYFutureJobs
Editor,Computer Science,69.0,2021-01-01,MYFutureJobs
Scheme,Computer Science,68.0,2021-01-01,MYFutureJobs
Division,Others,68.0,2021-01-01,MYFutureJobs
Japanese,Others,67.0,2021-01-01,MYFutureJobs
DevOps,Computer Science,66.0,2021-01-01,MYFutureJobs
Gradle,Computer Science,65.0,2021-01-01,MYFutureJobs
Android,Computer Science,64.0,2021-01-01,MYFutureJobs
Development Tools,Computer Science,63.0,2021-01-01,MYFutureJobs
Public Speaking,Business,63.0,2021-01-01,MYFutureJobs
Adobe Illustrator,Others,63.0,2021-01-01,MYFutureJobs
Product Knowledge,Business,62.0,2021-01-01,MYFutureJobs
Youtube,Others,62.0,2021-01-01,MYFutureJobs
Peripheral,Computer Science,61.0,2021-01-01,MYFutureJobs
Docker,Computer Science,61.0,2021-01-01,MYFutureJobs
Scripting,Information Technology (IT),60.0,2021-01-01,MYFutureJobs
Change Management,Business,60.0,2021-01-01,MYFutureJobs
Animation,Others,59.0,2021-01-01,MYFutureJobs
Public Relations (PR),Business,59.0,2021-01-01,MYFutureJobs
Online Marketing,Business,59.0,2021-01-01,MYFutureJobs
Algorithm,Computer Science,58.0,2021-01-01,MYFutureJobs
Blogging,Business,58.0,2021-01-01,MYFutureJobs
Social Media Platform,Others,58.0,2021-01-01,MYFutureJobs
Shell,Computer Science,57.0,2021-01-01,MYFutureJobs
Bookkeeping,Business,57.0,2021-01-01,MYFutureJobs
Rally,Business,57.0,2021-01-01,MYFutureJobs
Jira,Computer Science,57.0,2021-01-01,MYFutureJobs
Sampling,Data Science,57.0,2021-01-01,MYFutureJobs
Project Planning,Business,56.0,2021-01-01,MYFutureJobs
Goods and Services,Others,55.0,2021-01-01,MYFutureJobs
Chemical Engineering,Others,55.0,2021-01-01,MYFutureJobs
NoSQL,Computer Science,54.0,2021-01-01,MYFutureJobs
Branding,Business,54.0,2021-01-01,MYFutureJobs
Modelling,Computer Science,53.0,2021-01-01,MYFutureJobs
Process Engineering,Others,53.0,2021-01-01,MYFutureJobs
React,Computer Science,52.0,2021-01-01,MYFutureJobs
Sketch,Others,52.0,2021-01-01,MYFutureJobs
Angular,Computer Science,52.0,2021-01-01,MYFutureJobs
Clear Communication,Business,52.0,2021-01-01,MYFutureJobs
Depression,Others,52.0,2021-01-01,MYFutureJobs
Spark,Computer Science,52.0,2021-01-01,MYFutureJobs
Software System,Computer Science,52.0,2021-01-01,MYFutureJobs
Copywriting,Business,51.0,2021-01-01,MYFutureJobs
Accounting Standards,Business,51.0,2021-01-01,MYFutureJobs
Target Audience,Business,51.0,2021-01-01,MYFutureJobs
GitLab,Computer Science,51.0,2021-01-01,MYFutureJobs
Computer Hardware,Computer Science,51.0,2021-01-01,MYFutureJobs
Ethics,Others,50.0,2021-01-01,MYFutureJobs
Competition,Others,50.0,2021-01-01,MYFutureJobs
Business Strategy,Business,50.0,2021-01-01,MYFutureJobs
Outlook,Business,50.0,2021-01-01,MYFutureJobs
Web Design,Computer Science,50.0,2021-01-01,MYFutureJobs
Prototyping,Others,49.0,2021-01-01,MYFutureJobs
Aquaculture,Others,49.0,2021-01-01,MYFutureJobs
ISO 9001,Computer Science,49.0,2021-01-01,MYFutureJobs
Sequence,Computer Science,49.0,2021-01-01,MYFutureJobs
Food Science,Others,48.0,2021-01-01,MYFutureJobs
Content Marketing,Business,48.0,2021-01-01,MYFutureJobs
Github,Computer Science,48.0,2021-01-01,MYFutureJobs
Pragmatics,Others,48.0,2021-01-01,MYFutureJobs
Swift,Computer Science,47.0,2021-01-01,MYFutureJobs
Performance Management,Business,47.0,2021-01-01,MYFutureJobs
Bagging,Data Science,46.0,2021-01-01,MYFutureJobs
Real Estate,Business,46.0,2021-01-01,MYFutureJobs
Links,Information Technology (IT),46.0,2021-01-01,MYFutureJobs
Audio,Others,46.0,2021-01-01,MYFutureJobs
Product Management,Business,46.0,2021-01-01,MYFutureJobs
Sustainability,Others,46.0,2021-01-01,MYFutureJobs
Business Model,Business,46.0,2021-01-01,MYFutureJobs
Mapping,Computer Science,45.0,2021-01-01,MYFutureJobs
Mining,Others,45.0,2021-01-01,MYFutureJobs
Cold Calling,Business,45.0,2021-01-01,MYFutureJobs
LinkedIn,Others,44.0,2021-01-01,MYFutureJobs
Human Resource Management,Business,44.0,2021-01-01,MYFutureJobs
Conveyancing,Others,44.0,2021-01-01,MYFutureJobs
Support Engineering,Others,44.0,2021-01-01,MYFutureJobs
Asset Management,Business,44.0,2021-01-01,MYFutureJobs
Product Marketing,Business,44.0,2021-01-01,MYFutureJobs
Adminitrative Assistance,Business,43.0,2021-01-01,MYFutureJobs
Vietnamese,Others,43.0,2021-01-01,MYFutureJobs
LaTeX,Computer Science,43.0,2021-01-01,MYFutureJobs
Agriculture,Others,42.0,2021-01-01,MYFutureJobs
iOS,Computer Science,42.0,2021-01-01,MYFutureJobs
Keras,Data Science,42.0,2021-01-01,MYFutureJobs
Big Data,Data Science,42.0,2021-01-01,MYFutureJobs
Utility,Others,42.0,2021-01-01,MYFutureJobs
Interior Design,Others,41.0,2021-01-01,MYFutureJobs
Journalism,Others,41.0,2021-01-01,MYFutureJobs
Reasoning,Business,41.0,2021-01-01,MYFutureJobs
Manufacturing Engineering,Others,41.0,2021-01-01,MYFutureJobs
Property Maintenance,Business,40.0,2021-01-01,MYFutureJobs
Technical Documentation,Computer Science,40.0,2021-01-01,MYFutureJobs
A/B Testing,Computer Science,40.0,2021-01-01,MYFutureJobs
Complexity,Computer Science,40.0,2021-01-01,MYFutureJobs
Transformer,Data Science,40.0,2021-01-01,MYFutureJobs
Data Analytics,Data Science,40.0,2021-01-01,MYFutureJobs
Life Science,Others,39.0,2021-01-01,MYFutureJobs
Hadoop,Computer Science,39.0,2021-01-01,MYFutureJobs
Facebook Ads,Business,39.0,2021-01-01,MYFutureJobs
Risk Analysis,Business,38.0,2021-01-01,MYFutureJobs
Blockchain,Information Technology (IT),38.0,2021-01-01,MYFutureJobs
Email Marketing,Business,38.0,2021-01-01,MYFutureJobs
jQuery,Computer Science,38.0,2021-01-01,MYFutureJobs
Template,Business,38.0,2021-01-01,MYFutureJobs
Industrial Relations,Others,37.0,2021-01-01,MYFutureJobs
Nutrition,Others,37.0,2021-01-01,MYFutureJobs
Music,Others,37.0,2021-01-01,MYFutureJobs
Nursing,Others,37.0,2021-01-01,MYFutureJobs
Korean,Others,36.0,2021-01-01,MYFutureJobs
Mechanics,Others,36.0,2021-01-01,MYFutureJobs
PostgreSQL,Computer Science,36.0,2021-01-01,MYFutureJobs
Debugging,Computer Science,36.0,2021-01-01,MYFutureJobs
Distributed Computing,Computer Science,36.0,2021-01-01,MYFutureJobs
Microsoft Word,Business,36.0,2021-01-01,MYFutureJobs
ML,Computer Science,36.0,2021-01-01,MYFutureJobs
Virtualization,Computer Science,36.0,2021-01-01,MYFutureJobs
Airlines,Business,36.0,2021-01-01,MYFutureJobs
Relational Database,Computer Science,36.0,2021-01-01,MYFutureJobs
Software Design,Computer Science,36.0,2021-01-01,MYFutureJobs
PL,Computer Science,35.0,2021-01-01,MYFutureJobs
Network Security,Information Technology (IT),35.0,2021-01-01,MYFutureJobs
Growth Strategy,Business,35.0,2021-01-01,MYFutureJobs
Beaker,Information Technology (IT),35.0,2021-01-01,MYFutureJobs
Subject Matter Expert (SME),Business,35.0,2021-01-01,MYFutureJobs
Property Management,Business,34.0,2021-01-01,MYFutureJobs
Solaris,Computer Science,34.0,2021-01-01,MYFutureJobs
Chemistry,Others,34.0,2021-01-01,MYFutureJobs
Artificial Intelligence (AI),Data Science,34.0,2021-01-01,MYFutureJobs
Induction,Others,34.0,2021-01-01,MYFutureJobs
News,Others,34.0,2021-01-01,MYFutureJobs
CMM,Computer Science,34.0,2021-01-01,MYFutureJobs
Semiconductors,Others,34.0,2021-01-01,MYFutureJobs
Business Acumen,Business,33.0,2021-01-01,MYFutureJobs
Aesthetics,Others,33.0,2021-01-01,MYFutureJobs
C++,Computer Science,33.0,2021-01-01,MYFutureJobs
Adaptability,Business,33.0,2021-01-01,MYFutureJobs
Google Cloud Platform (GCP),Information Technology (IT),32.0,2021-01-01,MYFutureJobs
UX Design,Others,32.0,2021-01-01,MYFutureJobs
Instrumentation,Others,32.0,2021-01-01,MYFutureJobs
Literature,Others,32.0,2021-01-01,MYFutureJobs
Client Relations,Business,32.0,2021-01-01,MYFutureJobs
Quality Engineering,Others,32.0,2021-01-01,MYFutureJobs
CVS,Computer Science,31.0,2021-01-01,MYFutureJobs
Sales Presentation,Business,31.0,2021-01-01,MYFutureJobs
Management Consulting,Business,31.0,2021-01-01,MYFutureJobs
Medicine,Others,31.0,2021-01-01,MYFutureJobs
Jenkins,Computer Science,31.0,2021-01-01,MYFutureJobs
Wireframes,Business,30.0,2021-01-01,MYFutureJobs
Continuous Integration (CI),Computer Science,30.0,2021-01-01,MYFutureJobs
PHP Development,Computer Science,30.0,2021-01-01,MYFutureJobs
Web Server,Information Technology (IT),30.0,2021-01-01,MYFutureJobs
Industrial Engineering,Others,30.0,2021-01-01,MYFutureJobs
Entrepreneurship,Business,30.0,2021-01-01,MYFutureJobs
Motion Pictures,Others,29.0,2021-01-01,MYFutureJobs
Predictive Modelling,Data Science,29.0,2021-01-01,MYFutureJobs
Variable,Computer Science,29.0,2021-01-01,MYFutureJobs
Shortage,Others,29.0,2021-01-01,MYFutureJobs
Biotechnology,Others,28.0,2021-01-01,MYFutureJobs
Theatre,Others,28.0,2021-01-01,MYFutureJobs
Web Application Development,Computer Science,28.0,2021-01-01,MYFutureJobs
Vmware,Computer Science,28.0,2021-01-01,MYFutureJobs
Outreach,Business,28.0,2021-01-01,MYFutureJobs
Development Management,Business,27.0,2021-01-01,MYFutureJobs
Lean Software Development,Computer Science,27.0,2021-01-01,MYFutureJobs
Mergers and Acquisitions (M&A),Business,27.0,2021-01-01,MYFutureJobs
Laravel,Computer Science,26.0,2021-01-01,MYFutureJobs
Special Effects,Computer Science,26.0,2021-01-01,MYFutureJobs
Nice,Computer Science,26.0,2021-01-01,MYFutureJobs
Delegation,Business,26.0,2021-01-01,MYFutureJobs
Customer Service System,Business,26.0,2021-01-01,MYFutureJobs
Visualization,Computer Science,26.0,2021-01-01,MYFutureJobs
Terraform,Computer Science,26.0,2021-01-01,MYFutureJobs
Cloud Service,Information Technology (IT),26.0,2021-01-01,MYFutureJobs
Regression,Data Science,26.0,2021-01-01,MYFutureJobs
Social Security,Information Technology (IT),26.0,2021-01-01,MYFutureJobs
Income Statement,Business,26.0,2021-01-01,MYFutureJobs
Polish,Others,26.0,2021-01-01,MYFutureJobs
Computer Engineering,Others,26.0,2021-01-01,MYFutureJobs
Sports Engineering,Others,25.0,2021-01-01,MYFutureJobs
System Administration,Information Technology (IT),25.0,2021-01-01,MYFutureJobs
Project Supervision,Business,25.0,2021-01-01,MYFutureJobs
Business Intelligence (BI),Data Science,25.0,2021-01-01,MYFutureJobs
Kafka,Computer Science,25.0,2021-01-01,MYFutureJobs
Variance Analysis,Data Science,25.0,2021-01-01,MYFutureJobs
Analytical Thinking,Data Science,25.0,2021-01-01,MYFutureJobs
Therapy,Others,25.0,2021-01-01,MYFutureJobs
Cash Flow Management,Business,24.0,2021-01-01,MYFutureJobs
PyTorch,Data Science,24.0,2021-01-01,MYFutureJobs
Optics,Others,24.0,2021-01-01,MYFutureJobs
Newsletters,Business,24.0,2021-01-01,MYFutureJobs
Social Media Marketing,Business,24.0,2021-01-01,MYFutureJobs
Poster,Others,24.0,2021-01-01,MYFutureJobs
Brainstorming,Business,24.0,2021-01-01,MYFutureJobs
Textiles,Others,24.0,2021-01-01,MYFutureJobs
International Business,Business,24.0,2021-01-01,MYFutureJobs
Authentication,Information Technology (IT),24.0,2021-01-01,MYFutureJobs
Power Management,Business,24.0,2021-01-01,MYFutureJobs
Ansible,Computer Science,24.0,2021-01-01,MYFutureJobs
Strategic Planning,Business,24.0,2021-01-01,MYFutureJobs
Data Capture,Computer Science,24.0,2021-01-01,MYFutureJobs
Google Analytics,Data Science,24.0,2021-01-01,MYFutureJobs
Array,Computer Science,24.0,2021-01-01,MYFutureJobs
Data Management,Computer Science,24.0,2021-01-01,MYFutureJobs
TensorFlow,Data Science,24.0,2021-01-01,MYFutureJobs
Marketing Channel,Business,24.0,2021-01-01,MYFutureJobs
Middleware,Computer Science,23.0,2021-01-01,MYFutureJobs
Data Visualization,Data Science,23.0,2021-01-01,MYFutureJobs
Casting,Others,23.0,2021-01-01,MYFutureJobs
Office Management,Business,23.0,2021-01-01,MYFutureJobs
Physics,Others,23.0,2021-01-01,MYFutureJobs
WordPress,Business,23.0,2021-01-01,MYFutureJobs
Google Ads,Business,23.0,2021-01-01,MYFutureJobs
Benchmarking,Business,23.0,2021-01-01,MYFutureJobs
Video Production,Business,22.0,2021-01-01,MYFutureJobs
Information Security,Information Technology (IT),22.0,2021-01-01,MYFutureJobs
Route Management,Information Technology (IT),22.0,2021-01-01,MYFutureJobs
Data Structure,Computer Science,22.0,2021-01-01,MYFutureJobs
Lead Generation,Business,22.0,2021-01-01,MYFutureJobs
eCommerce Platforms,Business,22.0,2021-01-01,MYFutureJobs
Bash,Computer Science,22.0,2021-01-01,MYFutureJobs
Cloud Platform,Information Technology (IT),22.0,2021-01-01,MYFutureJobs
Confluence,Information Technology (IT),22.0,2021-01-01,MYFutureJobs
Linker,Computer Science,22.0,2021-01-01,MYFutureJobs
iland,Information Technology (IT),21.0,2021-01-01,MYFutureJobs
MS SQL Server,Computer Science,21.0,2021-01-01,MYFutureJobs
Usability Engineering,Computer Science,21.0,2021-01-01,MYFutureJobs
Electromechanics,Others,21.0,2021-01-01,MYFutureJobs
Pharmacy,Others,21.0,2021-01-01,MYFutureJobs
Business Continuity Planning,Computer Science,21.0,2021-01-01,MYFutureJobs
User Interface (UI),Computer Science,21.0,2021-01-01,MYFutureJobs
Radio,Others,20.0,2021-01-01,MYFutureJobs
Automotive Engineering,Others,20.0,2021-01-01,MYFutureJobs
Source Control,Computer Science,20.0,2021-01-01,MYFutureJobs
Responsive Design,Others,20.0,2021-01-01,MYFutureJobs
Rapid Application Development,Computer Science,20.0,2021-01-01,MYFutureJobs
Task Management,Business,20.0,2021-01-01,MYFutureJobs
Ecology,Others,20.0,2021-01-01,MYFutureJobs
Italian,Others,20.0,2021-01-01,MYFutureJobs
Statistical Model,Data Science,20.0,2021-01-01,MYFutureJobs
Unity,Others,19.0,2021-01-01,MYFutureJobs
Regression Analysis,Data Science,19.0,2021-01-01,MYFutureJobs
NP Completeness,Computer Science,19.0,2021-01-01,MYFutureJobs
Streaming,Information Technology (IT),18.0,2021-01-01,MYFutureJobs
Market Research Analysis,Business,18.0,2021-01-01,MYFutureJobs
Newspapers,Business,18.0,2021-01-01,MYFutureJobs
Unix,Computer Science,18.0,2021-01-01,MYFutureJobs
Database Design,Computer Science,18.0,2021-01-01,MYFutureJobs
Team Building,Business,18.0,2021-01-01,MYFutureJobs
Content Management,Business,18.0,2021-01-01,MYFutureJobs
Web Analytics,Computer Science,18.0,2021-01-01,MYFutureJobs
RESTful API,Computer Science,18.0,2021-01-01,MYFutureJobs
Firewall,Information Technology (IT),18.0,2021-01-01,MYFutureJobs
Business Ethics,Business,18.0,2021-01-01,MYFutureJobs
Spanish,Others,18.0,2021-01-01,MYFutureJobs
Localization,Others,18.0,2021-01-01,MYFutureJobs
Data Mining,Data Science,18.0,2021-01-01,MYFutureJobs
Maya,Computer Science,18.0,2021-01-01,MYFutureJobs
Incident Management,Business,18.0,2021-01-01,MYFutureJobs
Zoom,Business,18.0,2021-01-01,MYFutureJobs
Agricultural Science,Others,18.0,2021-01-01,MYFutureJobs
Equity,Business,18.0,2021-01-01,MYFutureJobs
QA Testing,Business,18.0,2021-01-01,MYFutureJobs
Entertainment,Others,18.0,2021-01-01,MYFutureJobs
Manufacturing Operations,Others,17.0,2021-01-01,MYFutureJobs
Online Business,Business,17.0,2021-01-01,MYFutureJobs
Web Framework,Computer Science,17.0,2021-01-01,MYFutureJobs
Product Testing,Business,17.0,2021-01-01,MYFutureJobs
Apparel,Others,17.0,2021-01-01,MYFutureJobs
Data Preparation,Data Science,17.0,2021-01-01,MYFutureJobs
Distributed System,Computer Science,16.0,2021-01-01,MYFutureJobs
Forestry,Others,16.0,2021-01-01,MYFutureJobs
Infrastructure as Code (IaS),Computer Science,16.0,2021-01-01,MYFutureJobs
Profiling,Computer Science,16.0,2021-01-01,MYFutureJobs
Marketing Analytics,Data Science,16.0,2021-01-01,MYFutureJobs
Management Information System (MIS),Business,16.0,2021-01-01,MYFutureJobs
Social Network,Others,16.0,2021-01-01,MYFutureJobs
Graph,Others,16.0,2021-01-01,MYFutureJobs
Graph Database,Computer Science,16.0,2021-01-01,MYFutureJobs
Arts,Others,16.0,2021-01-01,MYFutureJobs
Quantitative Research,Business,16.0,2021-01-01,MYFutureJobs
Application Programming Interface (API),Computer Science,16.0,2021-01-01,MYFutureJobs
Tax Accounting,Business,16.0,2021-01-01,MYFutureJobs
Software Architecture,Computer Science,16.0,2021-01-01,MYFutureJobs
Computer Vision,Data Science,16.0,2021-01-01,MYFutureJobs
Deep Learning,Data Science,16.0,2021-01-01,MYFutureJobs
Load Balancing,Information Technology (IT),16.0,2021-01-01,MYFutureJobs
Industrial Automation,Others,16.0,2021-01-01,MYFutureJobs
Network Architecture,Information Technology (IT),16.0,2021-01-01,MYFutureJobs
Corporate Communication,Business,16.0,2021-01-01,MYFutureJobs
Chatbot,Data Science,16.0,2021-01-01,MYFutureJobs
vSphere,Computer Science,16.0,2021-01-01,MYFutureJobs
Password,Information Technology (IT),16.0,2021-01-01,MYFutureJobs
Kotlin,Computer Science,16.0,2021-01-01,MYFutureJobs
Bond,Others,16.0,2021-01-01,MYFutureJobs
Unix Shell,Computer Science,16.0,2021-01-01,MYFutureJobs
React Native,Computer Science,16.0,2021-01-01,MYFutureJobs
Configuration Management,Computer Science,16.0,2021-01-01,MYFutureJobs
Golang (Go),Computer Science,16.0,2021-01-01,MYFutureJobs
Legal Management,Others,16.0,2021-01-01,MYFutureJobs
Commercial Law,Others,15.0,2021-01-01,MYFutureJobs
Kanban,Computer Science,15.0,2021-01-01,MYFutureJobs
Biomaterials Engineering,Others,15.0,2021-01-01,MYFutureJobs
Salesforce,Business,15.0,2021-01-01,MYFutureJobs
Structural Engineering,Others,15.0,2021-01-01,MYFutureJobs
Materials Engineering,Others,15.0,2021-01-01,MYFutureJobs
Tracking System,Data Science,15.0,2021-01-01,MYFutureJobs
Software Development Kit (SDK),Computer Science,14.0,2021-01-01,MYFutureJobs
Cost Accounting,Business,14.0,2021-01-01,MYFutureJobs
Na√Øve Bayes,Data Science,14.0,2021-01-01,MYFutureJobs
Ruby on Rails,Computer Science,14.0,2021-01-01,MYFutureJobs
Computing Platform,Information Technology (IT),14.0,2021-01-01,MYFutureJobs
OpenShift,Information Technology (IT),14.0,2021-01-01,MYFutureJobs
Cisco Router,Information Technology (IT),14.0,2021-01-01,MYFutureJobs
Database Application,Computer Science,14.0,2021-01-01,MYFutureJobs
Control Chart,Data Science,14.0,2021-01-01,MYFutureJobs
CouchDB,Computer Science,14.0,2021-01-01,MYFutureJobs
Energy Consumption,Computer Science,14.0,2021-01-01,MYFutureJobs
Performance Review,Business,14.0,2021-01-01,MYFutureJobs
Annual Report,Business,14.0,2021-01-01,MYFutureJobs
Decision Tree,Data Science,14.0,2021-01-01,MYFutureJobs
Indonesian,Others,14.0,2021-01-01,MYFutureJobs
Machine Learning Algorithm,Data Science,14.0,2021-01-01,MYFutureJobs
Tamil,Others,14.0,2021-01-01,MYFutureJobs
Software Application,Computer Science,14.0,2021-01-01,MYFutureJobs
Web Development,Computer Science,14.0,2021-01-01,MYFutureJobs
Source Code Management,Computer Science,14.0,2021-01-01,MYFutureJobs
Food Production,Others,14.0,2021-01-01,MYFutureJobs
VOIP,Business,14.0,2021-01-01,MYFutureJobs
Oil and Gas,Others,14.0,2021-01-01,MYFutureJobs
Service Management,Business,14.0,2021-01-01,MYFutureJobs
Maintanence,Others,14.0,2021-01-01,MYFutureJobs
Population,Data Science,14.0,2021-01-01,MYFutureJobs
Telecommunications Engineering,Others,14.0,2021-01-01,MYFutureJobs
Computing,Computer Science,14.0,2021-01-01,MYFutureJobs
Legal Service,Others,14.0,2021-01-01,MYFutureJobs
Burmese,Others,13.0,2021-01-01,MYFutureJobs
Software Development Life Cycle (SDLC),Computer Science,13.0,2021-01-01,MYFutureJobs
Property Information,Business,13.0,2021-01-01,MYFutureJobs
Sales Operations,Business,13.0,2021-01-01,MYFutureJobs
Social Media Management,Business,13.0,2021-01-01,MYFutureJobs
Tableau,Data Science,13.0,2021-01-01,MYFutureJobs
Node.js,Computer Science,13.0,2021-01-01,MYFutureJobs
Software Interface,Computer Science,12.0,2021-01-01,MYFutureJobs
Data Pipeline,Data Science,12.0,2021-01-01,MYFutureJobs
Robotics,Data Science,12.0,2021-01-01,MYFutureJobs
Sales Management,Business,12.0,2021-01-01,MYFutureJobs
Electronic Control Systems,Others,12.0,2021-01-01,MYFutureJobs
Cryptocurrency,Information Technology (IT),12.0,2021-01-01,MYFutureJobs
Commodity,Others,12.0,2021-01-01,MYFutureJobs
Corporate Finance,Business,12.0,2021-01-01,MYFutureJobs
macOS,Computer Science,12.0,2021-01-01,MYFutureJobs
Supply and Demand,Others,12.0,2021-01-01,MYFutureJobs
Database System,Computer Science,12.0,2021-01-01,MYFutureJobs
Bootstrap,Computer Science,12.0,2021-01-01,MYFutureJobs
Recreation,Others,12.0,2021-01-01,MYFutureJobs
Active Listening,Others,12.0,2021-01-01,MYFutureJobs
Cloud Computing,Information Technology (IT),12.0,2021-01-01,MYFutureJobs
Version Control,Computer Science,12.0,2021-01-01,MYFutureJobs
Scripting Language,Computer Science,12.0,2021-01-01,MYFutureJobs
Resource Management,Business,12.0,2021-01-01,MYFutureJobs
SAS Statistical Analysis,Data Science,12.0,2021-01-01,MYFutureJobs
PL/SQL,Computer Science,12.0,2021-01-01,MYFutureJobs
Concurrency,Computer Science,12.0,2021-01-01,MYFutureJobs
Requirement Analysis,Business,12.0,2021-01-01,MYFutureJobs
Cybersecurity,Information Technology (IT),12.0,2021-01-01,MYFutureJobs
Computer Worm,Information Technology (IT),12.0,2021-01-01,MYFutureJobs
SketchUp,Computer Science,12.0,2021-01-01,MYFutureJobs
Google Drive,Information Technology (IT),12.0,2021-01-01,MYFutureJobs
Affliate Marketing,Business,12.0,2021-01-01,MYFutureJobs
Classification,Data Science,12.0,2021-01-01,MYFutureJobs
Repetition,Computer Science,12.0,2021-01-01,MYFutureJobs
Continuous Delivery (CD),Computer Science,12.0,2021-01-01,MYFutureJobs
Motion Graphic Design,Computer Science,12.0,2021-01-01,MYFutureJobs
Digital Art,Others,12.0,2021-01-01,MYFutureJobs
Redux,Computer Science,12.0,2021-01-01,MYFutureJobs
Computer Game,Others,12.0,2021-01-01,MYFutureJobs
Puppet,Information Technology (IT),12.0,2021-01-01,MYFutureJobs
Data Sharing,Data Science,12.0,2021-01-01,MYFutureJobs
Information Management,Information Technology (IT),12.0,2021-01-01,MYFutureJobs
Bitbucket,Computer Science,12.0,2021-01-01,MYFutureJobs
Tcl,Computer Science,12.0,2021-01-01,MYFutureJobs
Informatics,Information Technology (IT),11.0,2021-01-01,MYFutureJobs
Report Analysis,Business,11.0,2021-01-01,MYFutureJobs
Marketing Management,Business,11.0,2021-01-01,MYFutureJobs
Aviation,Others,11.0,2021-01-01,MYFutureJobs
Safari,Information Technology (IT),11.0,2021-01-01,MYFutureJobs
Carpentry,Others,11.0,2021-01-01,MYFutureJobs
Television,Others,11.0,2021-01-01,MYFutureJobs
Steganography,Information Technology (IT),11.0,2021-01-01,MYFutureJobs
Database Administration,Computer Science,11.0,2021-01-01,MYFutureJobs
Market Analysis,Business,10.0,2021-01-01,MYFutureJobs
Matplotlib,Data Science,10.0,2021-01-01,MYFutureJobs
Cloud Computing Architecture,Information Technology (IT),10.0,2021-01-01,MYFutureJobs
Geometry,Others,10.0,2021-01-01,MYFutureJobs
Reinforcement Learning,Data Science,10.0,2021-01-01,MYFutureJobs
Dreamweaver,Others,10.0,2021-01-01,MYFutureJobs
Data Cleansing,Data Science,10.0,2021-01-01,MYFutureJobs
Algebra,Others,10.0,2021-01-01,MYFutureJobs
Philosophy,Others,10.0,2021-01-01,MYFutureJobs
Data Modelling,Data Science,10.0,2021-01-01,MYFutureJobs
Scientific Method,Others,10.0,2021-01-01,MYFutureJobs
Financial Management,Business,10.0,2021-01-01,MYFutureJobs
Mobile Application Development,Others,10.0,2021-01-01,MYFutureJobs
Uncertainty,Others,10.0,2021-01-01,MYFutureJobs
Ruby,Computer Science,10.0,2021-01-01,MYFutureJobs
Reverse Engineering,Computer Science,10.0,2021-01-01,MYFutureJobs
DevOps Automation Tool,Computer Science,10.0,2021-01-01,MYFutureJobs
Agile Methodology,Business,10.0,2021-01-01,MYFutureJobs
Hive,Computer Science,10.0,2021-01-01,MYFutureJobs
Financial Regulation,Business,10.0,2021-01-01,MYFutureJobs
Flowchart,Computer Science,10.0,2021-01-01,MYFutureJobs
Mathematical Modelling,Others,10.0,2021-01-01,MYFutureJobs
Data Acquisition,Data Science,10.0,2021-01-01,MYFutureJobs
Data Science Tool,Data Science,10.0,2021-01-01,MYFutureJobs
Forensic Science,Others,10.0,2021-01-01,MYFutureJobs
Drupal,Business,10.0,2021-01-01,MYFutureJobs
Pharmacology,Others,10.0,2021-01-01,MYFutureJobs
Experimental Psychology,Others,10.0,2021-01-01,MYFutureJobs
Developmental Psychology,Others,10.0,2021-01-01,MYFutureJobs
Perl,Computer Science,10.0,2021-01-01,MYFutureJobs
Video Encoding,Computer Science,10.0,2021-01-01,MYFutureJobs
Cryptography,Information Technology (IT),10.0,2021-01-01,MYFutureJobs
Environmental Science,Others,10.0,2021-01-01,MYFutureJobs
Cultural Psychology,Others,10.0,2021-01-01,MYFutureJobs
Data Architecture,Data Science,10.0,2021-01-01,MYFutureJobs
Database Management System,Computer Science,10.0,2021-01-01,MYFutureJobs
Forensic Psychology,Others,10.0,2021-01-01,MYFutureJobs
Software Testing,Computer Science,10.0,2021-01-01,MYFutureJobs
Clinical Psychology,Others,10.0,2021-01-01,MYFutureJobs
Optometry,Others,10.0,2021-01-01,MYFutureJobs
Wireless Network,Information Technology (IT),10.0,2021-01-01,MYFutureJobs
Behaviour Analysis,Others,10.0,2021-01-01,MYFutureJobs
Caffe,Data Science,10.0,2021-01-01,MYFutureJobs
SciPy,Computer Science,10.0,2021-01-01,MYFutureJobs
NumPy,Computer Science,10.0,2021-01-01,MYFutureJobs
Probability,Data Science,10.0,2021-01-01,MYFutureJobs
Correlation,Data Science,10.0,2021-01-01,MYFutureJobs
Google Workspace,Information Technology (IT),10.0,2021-01-01,MYFutureJobs
Securities,Others,10.0,2021-01-01,MYFutureJobs
Health Psychology,Others,10.0,2021-01-01,MYFutureJobs
Outsourcing,Business,9.0,2021-01-01,MYFutureJobs
Financial Accounting,Business,9.0,2021-01-01,MYFutureJobs
Construction Law,Others,9.0,2021-01-01,MYFutureJobs
Tax Law,Others,9.0,2021-01-01,MYFutureJobs
Microbiology,Others,9.0,2021-01-01,MYFutureJobs
Financial Engineering,Business,9.0,2021-01-01,MYFutureJobs
Operations Management,Business,9.0,2021-01-01,MYFutureJobs
Marketing Design,Business,8.0,2021-01-01,MYFutureJobs
Tree,Computer Science,8.0,2021-01-01,MYFutureJobs
Data Security,Information Technology (IT),8.0,2021-01-01,MYFutureJobs
Marine Engineering,Others,8.0,2021-01-01,MYFutureJobs
Strategic Management,Business,8.0,2021-01-01,MYFutureJobs
International Finance,Business,8.0,2021-01-01,MYFutureJobs
Encoding,Computer Science,8.0,2021-01-01,MYFutureJobs
Pivot Table,Business,8.0,2021-01-01,MYFutureJobs
Software Requirement,Computer Science,8.0,2021-01-01,MYFutureJobs
Microsoft Access,Business,8.0,2021-01-01,MYFutureJobs
Customer Relationship Management (CRM),Business,8.0,2021-01-01,MYFutureJobs
Forth,Computer Science,8.0,2021-01-01,MYFutureJobs
Magento,Business,8.0,2021-01-01,MYFutureJobs
Financial Services,Business,8.0,2021-01-01,MYFutureJobs
Tomcat,Computer Science,8.0,2021-01-01,MYFutureJobs
Pascal,Computer Science,8.0,2021-01-01,MYFutureJobs
Storage System,Information Technology (IT),8.0,2021-01-01,MYFutureJobs
Needs Analysis,Business,8.0,2021-01-01,MYFutureJobs
Educational Psychology,Others,8.0,2021-01-01,MYFutureJobs
Network Management,Information Technology (IT),8.0,2021-01-01,MYFutureJobs
Payment Processing,Computer Science,8.0,2021-01-01,MYFutureJobs
Factoring,Business,8.0,2021-01-01,MYFutureJobs
Public Relations and Communications,Business,8.0,2021-01-01,MYFutureJobs
Digital Media,Others,8.0,2021-01-01,MYFutureJobs
Email Production,Business,8.0,2021-01-01,MYFutureJobs
Product Liability,Business,8.0,2021-01-01,MYFutureJobs
HBase,Computer Science,8.0,2021-01-01,MYFutureJobs
Requirements Gathering,Business,8.0,2021-01-01,MYFutureJobs
Wireframing,Others,8.0,2021-01-01,MYFutureJobs
Scala,Computer Science,8.0,2021-01-01,MYFutureJobs
Product Roadmap,Business,8.0,2021-01-01,MYFutureJobs
Routing Protocol,Information Technology (IT),8.0,2021-01-01,MYFutureJobs
Email Marketing Campaign,Business,8.0,2021-01-01,MYFutureJobs
Supply Chain Risk Management,Business,8.0,2021-01-01,MYFutureJobs
German,Others,8.0,2021-01-01,MYFutureJobs
Wireless Security,Information Technology (IT),8.0,2021-01-01,MYFutureJobs
Supply Chain Management,Business,8.0,2021-01-01,MYFutureJobs
Clustering,Data Science,8.0,2021-01-01,MYFutureJobs
Infographics,Others,8.0,2021-01-01,MYFutureJobs
Audio Production,Business,8.0,2021-01-01,MYFutureJobs
Business Writing,Business,8.0,2021-01-01,MYFutureJobs
Financial Law,Others,8.0,2021-01-01,MYFutureJobs
Legal Systems,Others,8.0,2021-01-01,MYFutureJobs
Powershell,Computer Science,8.0,2021-01-01,MYFutureJobs
Mathematical Economics,Others,8.0,2021-01-01,MYFutureJobs
Build Tool,Computer Science,8.0,2021-01-01,MYFutureJobs
Public Policy,Others,8.0,2021-01-01,MYFutureJobs
WooCommerce,Business,8.0,2021-01-01,MYFutureJobs
Loader,Computer Science,8.0,2021-01-01,MYFutureJobs
Production Set,Others,8.0,2021-01-01,MYFutureJobs
Marketing Psychology,Business,8.0,2021-01-01,MYFutureJobs
Photo Editing,Others,7.0,2021-01-01,MYFutureJobs
Corporate Law,Others,7.0,2021-01-01,MYFutureJobs
UI Design,Computer Science,7.0,2021-01-01,MYFutureJobs
Email Management,Business,7.0,2021-01-01,MYFutureJobs
Investor Relations,Business,7.0,2021-01-01,MYFutureJobs
Culinary Art,Others,7.0,2021-01-01,MYFutureJobs
Build Automation,Computer Science,7.0,2021-01-01,MYFutureJobs
Consumer Behaviour,Business,7.0,2021-01-01,MYFutureJobs
Business Intelligence Tool,Data Science,7.0,2021-01-01,MYFutureJobs
Dataset,Data Science,7.0,2021-01-01,MYFutureJobs
Microsoft .NET,Computer Science,7.0,2021-01-01,MYFutureJobs
SAS,Data Science,6.0,2021-01-01,MYFutureJobs
Vulnerability,Information Technology (IT),6.0,2021-01-01,MYFutureJobs
Market Segmentation,Business,6.0,2021-01-01,MYFutureJobs
Electronic Key Management System,Information Technology (IT),6.0,2021-01-01,MYFutureJobs
Social Work,Others,6.0,2021-01-01,MYFutureJobs
Development Studies,Others,6.0,2021-01-01,MYFutureJobs
Sustainable Development,Others,6.0,2021-01-01,MYFutureJobs
Key Management,Information Technology (IT),6.0,2021-01-01,MYFutureJobs
Enterprise Software,Business,6.0,2021-01-01,MYFutureJobs
Facial Recognition,Data Science,6.0,2021-01-01,MYFutureJobs
Vmware ESXi,Information Technology (IT),6.0,2021-01-01,MYFutureJobs
Agile Software Development,Computer Science,6.0,2021-01-01,MYFutureJobs
Working Capital,Business,6.0,2021-01-01,MYFutureJobs
Patient Care,Others,6.0,2021-01-01,MYFutureJobs
Electronic Materials,Others,6.0,2021-01-01,MYFutureJobs
Game Development,Others,6.0,2021-01-01,MYFutureJobs
Agricultural Production,Others,6.0,2021-01-01,MYFutureJobs
Yii,Computer Science,6.0,2021-01-01,MYFutureJobs
Joomla,Business,6.0,2021-01-01,MYFutureJobs
Cloud Application,Information Technology (IT),6.0,2021-01-01,MYFutureJobs
Apache,Computer Science,6.0,2021-01-01,MYFutureJobs
Project Chart,Data Science,6.0,2021-01-01,MYFutureJobs
Data Presentation,Data Science,6.0,2021-01-01,MYFutureJobs
Facilities Engineering,Others,6.0,2021-01-01,MYFutureJobs
Investment Banking,Business,6.0,2021-01-01,MYFutureJobs
Secure Coding,Information Technology (IT),6.0,2021-01-01,MYFutureJobs
Empathy,Business,6.0,2021-01-01,MYFutureJobs
Gecko,Information Technology (IT),6.0,2021-01-01,MYFutureJobs
Applied Mathematics,Others,6.0,2021-01-01,MYFutureJobs
Stock Market,Business,6.0,2021-01-01,MYFutureJobs
Encryption,Information Technology (IT),6.0,2021-01-01,MYFutureJobs
Storage Management,Information Technology (IT),6.0,2021-01-01,MYFutureJobs
Amazon Web Service (AWS),Information Technology (IT),6.0,2021-01-01,MYFutureJobs
Radiology,Others,6.0,2021-01-01,MYFutureJobs
Storytelling,Business,6.0,2021-01-01,MYFutureJobs
Operations Research,Others,6.0,2021-01-01,MYFutureJobs
Interactive Media,Others,6.0,2021-01-01,MYFutureJobs
Regression Testing,Data Science,6.0,2021-01-01,MYFutureJobs
Gamification,Others,6.0,2021-01-01,MYFutureJobs
Enterprise Resource Planning (ERP),Business,6.0,2021-01-01,MYFutureJobs
Email Client,Business,6.0,2021-01-01,MYFutureJobs
Unit Cost,Others,6.0,2021-01-01,MYFutureJobs
Objection Handling,Business,6.0,2021-01-01,MYFutureJobs
Search Engine Optimization (SEO),Business,6.0,2021-01-01,MYFutureJobs
IP Address,Information Technology (IT),6.0,2021-01-01,MYFutureJobs
Software Maintenance,Computer Science,6.0,2021-01-01,MYFutureJobs
Budget Planning,Business,6.0,2021-01-01,MYFutureJobs
Horticulture,Others,6.0,2021-01-01,MYFutureJobs
Statutory Law,Others,6.0,2021-01-01,MYFutureJobs
Elasticsearch,Computer Science,6.0,2021-01-01,MYFutureJobs
Mobile Development,Computer Science,6.0,2021-01-01,MYFutureJobs
Revision Control,Computer Science,6.0,2021-01-01,MYFutureJobs
Syntax,Others,6.0,2021-01-01,MYFutureJobs
Urban Engineering,Others,6.0,2021-01-01,MYFutureJobs
Fast Ethernet,Information Technology (IT),6.0,2021-01-01,MYFutureJobs
Business Analytics,Business,6.0,2021-01-01,MYFutureJobs
Software Deployment,Computer Science,6.0,2021-01-01,MYFutureJobs
Time Series,Data Science,6.0,2021-01-01,MYFutureJobs
Social Selling,Business,6.0,2021-01-01,MYFutureJobs
Meteorology,Others,6.0,2021-01-01,MYFutureJobs
Storyboarding,Others,6.0,2021-01-01,MYFutureJobs
Maven,Computer Science,6.0,2021-01-01,MYFutureJobs
Petty Cash Control,Business,6.0,2021-01-01,MYFutureJobs
Oracle Databases,Computer Science,6.0,2021-01-01,MYFutureJobs
Professional Training,Business,6.0,2021-01-01,MYFutureJobs
Liquidation,Business,6.0,2021-01-01,MYFutureJobs
Talent Management,Business,6.0,2021-01-01,MYFutureJobs
Software Package,Computer Science,6.0,2021-01-01,MYFutureJobs
Search Engine Marketing (SEM),Business,6.0,2021-01-01,MYFutureJobs
Systems Engineering,Others,6.0,2021-01-01,MYFutureJobs
Microsoft Azure,Information Technology (IT),6.0,2021-01-01,MYFutureJobs
Innovation Management,Business,6.0,2021-01-01,MYFutureJobs
Cleanroom,Computer Science,6.0,2021-01-01,MYFutureJobs
Logic,Others,6.0,2021-01-01,MYFutureJobs
COBOL,Computer Science,6.0,2021-01-01,MYFutureJobs
Testing Hypothesis,Data Science,6.0,2021-01-01,MYFutureJobs
Knowledge Management,Business,6.0,2021-01-01,MYFutureJobs
Telegram,Others,6.0,2021-01-01,MYFutureJobs
Opera,Information Technology (IT),6.0,2021-01-01,MYFutureJobs
Natural Language Processing (NLP),Data Science,6.0,2021-01-01,MYFutureJobs
Social Networking Tool,Data Science,6.0,2021-01-01,MYFutureJobs
Psychometrics,Others,5.0,2021-01-01,MYFutureJobs
Web Scraping,Data Science,5.0,2021-01-01,MYFutureJobs
Financial Modelling,Data Science,5.0,2021-01-01,MYFutureJobs
Contact Manager,Business,5.0,2021-01-01,MYFutureJobs
Theano,Data Science,5.0,2021-01-01,MYFutureJobs
Digital Printing,Others,5.0,2021-01-01,MYFutureJobs
Sentiment Analysis,Data Science,4.0,2021-01-01,MYFutureJobs
Slack,Business,4.0,2021-01-01,MYFutureJobs
Azure Machine Learning,Data Science,4.0,2021-01-01,MYFutureJobs
Microsoft PowerPoint,Business,4.0,2021-01-01,MYFutureJobs
Visual Studio,Computer Science,4.0,2021-01-01,MYFutureJobs
Wireless LAN,Information Technology (IT),4.0,2021-01-01,MYFutureJobs
Microsoft SQL Servers,Computer Science,4.0,2021-01-01,MYFutureJobs
Decision Process,Business,4.0,2021-01-01,MYFutureJobs
Proof Theory,Others,4.0,2021-01-01,MYFutureJobs
Geography,Others,4.0,2021-01-01,MYFutureJobs
Software Documentation,Computer Science,4.0,2021-01-01,MYFutureJobs
Red Hat,Information Technology (IT),4.0,2021-01-01,MYFutureJobs
Microsoft SQL Server,Computer Science,4.0,2021-01-01,MYFutureJobs
Ajax,Computer Science,4.0,2021-01-01,MYFutureJobs
Conceptual Art,Others,4.0,2021-01-01,MYFutureJobs
Music Therapy,Others,4.0,2021-01-01,MYFutureJobs
Financial Risk,Business,4.0,2021-01-01,MYFutureJobs
Social Psychology,Others,4.0,2021-01-01,MYFutureJobs
Data Engineering,Data Science,4.0,2021-01-01,MYFutureJobs
Persuasion,Business,4.0,2021-01-01,MYFutureJobs
SPSS,Data Science,4.0,2021-01-01,MYFutureJobs
MATLAB,Others,4.0,2021-01-01,MYFutureJobs
Animal Husbandry,Others,4.0,2021-01-01,MYFutureJobs
Economic Growth,Others,4.0,2021-01-01,MYFutureJobs
Performing Art,Others,4.0,2021-01-01,MYFutureJobs
Debugger,Computer Science,4.0,2021-01-01,MYFutureJobs
Extract Transform Load (ETL),Computer Science,4.0,2021-01-01,MYFutureJobs
Gantt Chart,Data Science,4.0,2021-01-01,MYFutureJobs
Text Analysis,Data Science,4.0,2021-01-01,MYFutureJobs
Torch,Data Science,4.0,2021-01-01,MYFutureJobs
Pediatrics,Others,4.0,2021-01-01,MYFutureJobs
Version Control System,Computer Science,4.0,2021-01-01,MYFutureJobs
Image Processing,Computer Science,4.0,2021-01-01,MYFutureJobs
Public Health,Others,4.0,2021-01-01,MYFutureJobs
Qlik Sense,Data Science,4.0,2021-01-01,MYFutureJobs
Time Series Analysis,Data Science,4.0,2021-01-01,MYFutureJobs
User Interface Design,Computer Science,4.0,2021-01-01,MYFutureJobs
Corel Draw,Others,4.0,2021-01-01,MYFutureJobs
STATA,Data Science,4.0,2021-01-01,MYFutureJobs
Atlassian,Information Technology (IT),4.0,2021-01-01,MYFutureJobs
Event Planning,Business,4.0,2021-01-01,MYFutureJobs
Systems Management,Business,4.0,2021-01-01,MYFutureJobs
French,Others,4.0,2021-01-01,MYFutureJobs
Application Security,Information Technology (IT),4.0,2021-01-01,MYFutureJobs
Biomedical Engineering,Others,4.0,2021-01-01,MYFutureJobs
Privacy,Information Technology (IT),4.0,2021-01-01,MYFutureJobs
Programming Tool,Computer Science,4.0,2021-01-01,MYFutureJobs
Teradata,Computer Science,4.0,2021-01-01,MYFutureJobs
Materials Science,Others,4.0,2021-01-01,MYFutureJobs
Mean Shift,Data Science,4.0,2021-01-01,MYFutureJobs
Semantic Analysis,Data Science,4.0,2021-01-01,MYFutureJobs
Apache Ant,Computer Science,4.0,2021-01-01,MYFutureJobs
MongoDB,Computer Science,4.0,2021-01-01,MYFutureJobs
Imagine,Computer Science,4.0,2021-01-01,MYFutureJobs
OpenStack,Information Technology (IT),4.0,2021-01-01,MYFutureJobs
Ubuntu,Computer Science,4.0,2021-01-01,MYFutureJobs
MariaDB,Computer Science,4.0,2021-01-01,MYFutureJobs
Mastercam,Computer Science,4.0,2021-01-01,MYFutureJobs
Polymer Engineering,Others,4.0,2021-01-01,MYFutureJobs
Web API,Information Technology (IT),4.0,2021-01-01,MYFutureJobs
Pattern Recognition,Data Science,4.0,2021-01-01,MYFutureJobs
GUI Design,Computer Science,4.0,2021-01-01,MYFutureJobs
Problem Management,Business,4.0,2021-01-01,MYFutureJobs
SQLite,Computer Science,4.0,2021-01-01,MYFutureJobs
Greenhopper,Business,4.0,2021-01-01,MYFutureJobs
Jin Chinese,Others,4.0,2021-01-01,MYFutureJobs
PrestaShop,Business,4.0,2021-01-01,MYFutureJobs
Enterprise System,Business,4.0,2021-01-01,MYFutureJobs
Cordova,Computer Science,4.0,2021-01-01,MYFutureJobs
Vacuum Engineering,Others,4.0,2021-01-01,MYFutureJobs
Dash,Data Science,4.0,2021-01-01,MYFutureJobs
Signal Processing,Data Science,4.0,2021-01-01,MYFutureJobs
R Shiny,Computer Science,4.0,2021-01-01,MYFutureJobs
Graphical User Interface (GUI),Computer Science,4.0,2021-01-01,MYFutureJobs
Apache Kafka,Computer Science,4.0,2021-01-01,MYFutureJobs
VersionOne,Business,4.0,2021-01-01,MYFutureJobs
Ant,Computer Science,3.0,2021-01-01,MYFutureJobs
Instrumentaion Engineering,Others,3.0,2021-01-01,MYFutureJobs
Engineering Technology,Others,3.0,2021-01-01,MYFutureJobs
Virtual Network,Information Technology (IT),3.0,2021-01-01,MYFutureJobs
Know Your Customer (KYC),Business,3.0,2021-01-01,MYFutureJobs
Currency,Others,3.0,2021-01-01,MYFutureJobs
Architectural Engineering,Others,3.0,2021-01-01,MYFutureJobs
Agronomy,Others,3.0,2021-01-01,MYFutureJobs
Jelastic,Information Technology (IT),3.0,2021-01-01,MYFutureJobs
Media Production,Business,2.0,2021-01-01,MYFutureJobs
Transport Layer,Information Technology (IT),2.0,2021-01-01,MYFutureJobs
Rent,Others,2.0,2021-01-01,MYFutureJobs
Rehabilitation,Others,2.0,2021-01-01,MYFutureJobs
Cookies,Information Technology (IT),2.0,2021-01-01,MYFutureJobs
Augmented Reality (AR),Data Science,2.0,2021-01-01,MYFutureJobs
Exploit,Information Technology (IT),2.0,2021-01-01,MYFutureJobs
Regional Planning,Business,2.0,2021-01-01,MYFutureJobs
Mixed Reality,Computer Science,2.0,2021-01-01,MYFutureJobs
Socket Programming,Information Technology (IT),2.0,2021-01-01,MYFutureJobs
Adobe Acrobat,Others,2.0,2021-01-01,MYFutureJobs
Network Layer,Information Technology (IT),2.0,2021-01-01,MYFutureJobs
IBM DB2,Computer Science,2.0,2021-01-01,MYFutureJobs
Content Management System (CMS),Business,2.0,2021-01-01,MYFutureJobs
Verification And Validation,Information Technology (IT),2.0,2021-01-01,MYFutureJobs
Ensemble,Data Science,2.0,2021-01-01,MYFutureJobs
Hydroponics,Others,2.0,2021-01-01,MYFutureJobs
Socket,Information Technology (IT),2.0,2021-01-01,MYFutureJobs
Rapport Building,Business,2.0,2021-01-01,MYFutureJobs
Programming Model,Computer Science,2.0,2021-01-01,MYFutureJobs
Mathematical Programming,Others,2.0,2021-01-01,MYFutureJobs
Cognitive Psychology,Others,2.0,2021-01-01,MYFutureJobs
Mathematical Logic,Others,2.0,2021-01-01,MYFutureJobs
Information Science,Others,2.0,2021-01-01,MYFutureJobs
Reliability Engineering,Others,2.0,2021-01-01,MYFutureJobs
Russian,Others,2.0,2021-01-01,MYFutureJobs
Pandas,Computer Science,2.0,2021-01-01,MYFutureJobs
Software Process,Computer Science,2.0,2021-01-01,MYFutureJobs
Capacity Utilization,Others,2.0,2021-01-01,MYFutureJobs
Software Quality Assurance (SQA),Computer Science,2.0,2021-01-01,MYFutureJobs
Chemical Processing,Others,2.0,2021-01-01,MYFutureJobs
CPLEX,Computer Science,2.0,2021-01-01,MYFutureJobs
Gurobi,Computer Science,2.0,2021-01-01,MYFutureJobs
Records Management,Business,2.0,2021-01-01,MYFutureJobs
Design Analysis,Others,2.0,2021-01-01,MYFutureJobs
Marketing Consulting,Business,2.0,2021-01-01,MYFutureJobs
Intellectual Property (IP),Business,2.0,2021-01-01,MYFutureJobs
Derivative,Others,2.0,2021-01-01,MYFutureJobs
Psychology,Others,2.0,2021-01-01,MYFutureJobs
Database Development,Computer Science,2.0,2021-01-01,MYFutureJobs
Industrial Design,Others,2.0,2021-01-01,MYFutureJobs
Crisis Management,Business,2.0,2021-01-01,MYFutureJobs
Toxicology,Others,2.0,2021-01-01,MYFutureJobs
Network Service,Information Technology (IT),2.0,2021-01-01,MYFutureJobs
Complex Analysis,Others,2.0,2021-01-01,MYFutureJobs
Cassandra,Computer Science,2.0,2021-01-01,MYFutureJobs
Immunology,Others,2.0,2021-01-01,MYFutureJobs
ISO 9000,Computer Science,2.0,2021-01-01,MYFutureJobs
Visual Communication,Others,2.0,2021-01-01,MYFutureJobs
Embedded System,Computer Science,1.0,2021-01-01,MYFutureJobs
Typography,Others,1.0,2021-01-01,MYFutureJobs
Microsoft Visio,Data Science,1.0,2021-01-01,MYFutureJobs
