Id,Skill,DomainId
0,Account Receivable,2
1,Accounting,2
2,Accounting Software,2
3,Accounting Standards,2
4,Accounts Payable,2
5,Accuracy,2
6,Adaptability,2
7,Administration,2
8,Adminitrative Assistance,2
9,Advanced Google Search,2
10,Advertising,2
11,Advertising Management,2
12,Affliate Marketing,2
13,Agile Business Analytics,2
14,Agile Methodology,2
15,Airlines,2
16,Analysis,2
17,Analytical,2
18,Analytical Reasoning,2
19,Annual Report,2
20,Anti Money Laundering,2
21,Asana,2
22,Asset Management,2
23,Audio Production,2
24,Audit,2
25,Auditor's Report,2
26,Automated Marketing Software,2
27,B2B Marketing,2
28,Balance Sheet,2
29,Balanced Scorecard,2
30,Banking,2
31,Basecamp,2
32,Behavioural Segmentation,2
33,Benchmarking,2
34,Blogging,2
35,Bookkeeping,2
36,Brainstorming,2
37,Brand Management,2
38,Branding,2
39,Brandwatch,2
40,Broadcast Media,2
41,Budget,2
42,Budget Planning,2
43,Business Acumen,2
44,Business Administration,2
45,Business Analysis,2
46,Business Analytics,2
47,Business Consulting,2
48,Business Development,2
49,Business Essentials,2
50,Business Ethics,2
51,Business Judgment Rule,2
52,Business Management,2
53,Business Model,2
54,Business Operations,2
55,Business Plan,2
56,Business Process,2
57,Business Process Modelling,2
58,Business Research,2
59,Business Statistics,2
60,Business Storytelling,2
61,Business Strategy,2
62,Business Technology Management,2
63,Business Writing,2
64,Buyer Engagement,2
65,Buyer Research,2
66,Buyer-Responsive Selling,2
67,Buyer-Seller Agreement,2
68,Calendar,2
69,Campaign Optimization,2
70,Capacity Management,2
71,Capital Budgeting,2
72,Cash Conversion Cycle,2
73,Cash Flow Management,2
74,Cash-flow Statement,2
75,Casino,2
76,Change Management,2
77,Channel Marketing,2
78,Chart,2
79,Clear Communication,2
80,Client Relations,2
81,Closing,2
82,Closing Technique,2
83,CMS Tool,2
84,Cognos Analytics,2
85,Cold Calling,2
86,Collaboration,2
87,Commercial,2
88,Commercial Banking,2
89,Commercial Management,2
90,Communication,2
91,Communications Management,2
92,Competitive Strategy,2
93,Conceptual Skills,2
94,Conflict Management,2
95,Construction,2
96,Consulting,2
97,Consumer Behaviour,2
98,Contact Manager,2
99,Content Management,2
100,Content Management System (CMS),2
101,Content Marketing,2
102,Content Strategy,2
103,Convergence of Accounting Standards,2
104,Conversion Rate Optimization,2
105,Coordination,2
106,Copywriting,2
107,Corporate Communication,2
108,Corporate Finance,2
109,Cost Accounting,2
110,Cost Assessment,2
111,Cosumer Behaviour Drive,2
112,Crimson Hexagon,2
113,Crisis Management,2
114,Critical Thinking,2
115,Custom Slide,2
116,Customer Experience,2
117,Customer Relationship Management (CRM),2
118,Customer Service,2
119,Customer Service System,2
120,Decision Making,2
121,Decision Process,2
122,Delegation,2
123,Demo Skills,2
124,Design Sprint,2
125,Development,2
126,Development Management,2
127,Digital Communication,2
128,Digital Literacy,2
129,Digital Marketing,2
130,Digital Photography,2
131,Distributed Management,2
132,Distribution,2
133,Documentation,2
134,Drupal,2
135,e-business,2
136,Earned Value Management (EVM),2
137,eCommerce,2
138,eCommerce Platforms,2
139,Editing,2
140,Effective Communication,2
141,Electronic Business,2
142,Email,2
143,Email Archiving,2
144,Email Client,2
145,Email Filtering,2
146,Email Management,2
147,Email Marketing,2
148,Email Marketing Campaign,2
149,Email Migration,2
150,Email Processing,2
151,Email Production,2
152,Email Writing,2
153,Empathy,2
154,Employee Development,2
155,Employee Learning,2
156,Enterprise Resource Planning (ERP),2
157,Enterprise Software,2
158,Enterprise System,2
159,Entrepreneurial Finance,2
160,Entrepreneurship,2
161,Environmental Consulting,2
162,Environmental Planning,2
163,Equity,2
164,Equity Statement,2
165,Event Planning,2
166,Events Services,2
167,Executive,2
168,Fabrication,2
169,Facebook Ads,2
170,Factoring,2
171,Finance,2
172,Financial Accounting,2
173,Financial Engineering,2
174,Financial Management,2
175,Financial Market,2
176,Financial Regulation,2
177,Financial Risk,2
178,Financial Risk Management,2
179,Financial Risk Modelling,2
180,Financial Services,2
181,Financial Statement,2
182,Financial Statement Analysis,2
183,First-in First-out (FIFO) Accounting,2
184,Food Service Operations,2
185,Forecasting,2
186,Forensic Accounting,2
187,Formatting,2
188,Formula Function,2
189,Fund Accounting,2
190,Gambling,2
191,Generally Accepeted Accounting Principles (GAAP),2
192,Generally-Accepted Auditing Standards (GAAS),2
193,Generally-Accepted Principles,2
194,Ghostwriting,2
195,Goods,2
196,Google Ads,2
197,Google Docs,2
198,Google Forms,2
199,Google Sheets,2
200,Google Slides,2
201,Google Worksapce,2
202,Governmental Accounting,2
203,Greenhopper,2
204,Growth Strategy,2
205,Heavyweight,2
206,Hospitality,2
207,Human Resource (HR),2
208,Human Resource Management,2
209,Incident Management,2
210,Income Statement,2
211,Industry,2
212,Innovation,2
213,Innovation Leadership,2
214,Innovation Management,2
215,Inside Sales,2
216,Insider Trading,2
217,Instant Messenger,2
218,Insurance,2
219,Intellectual Property (IP),2
220,Intellectual Property Rights,2
221,International Business,2
222,International Finance,2
223,International Financial Reporting Standards (IFRS),2
224,International Standards on Auditing (ISA),2
225,Investment,2
226,Investment Banking,2
227,Investment Management,2
228,Investor Relations,2
229,ISO 13485,2
230,ISO 15504,2
231,ISO 9000,2
232,ISO 9001,2
233,ISO/IEC 12207,2
234,ISO/IEC 24744,2
235,Joomla,2
236,Keynote,2
237,Know Your Customer (KYC),2
238,Knowledge Management,2
239,Last-in First-out (LIFO) Accounting,2
240,Lead Generation,2
241,Leadership,2
242,Leadership Development,2
243,Lifetime Value Model,2
244,Liquidation,2
245,Logistics,2
246,Lookup Table,2
247,Magento,2
248,Management,2
249,Management Accounting,2
250,Management Accounting Principles (MAP),2
251,Management Consulting,2
252,Management Information System (MIS),2
253,Managerial Finance,2
254,Manufacturing,2
255,Market,2
256,Market Analysis,2
257,Market Research,2
258,Market Research Analysis,2
259,Market Segmentation,2
260,Marketing,2
261,Marketing Channel,2
262,Marketing Consulting,2
263,Marketing Content Development,2
264,Marketing Design,2
265,Marketing Management,2
266,Marketing Psychology,2
267,Marketing Research,2
268,Mass Email,2
269,Materials Management,2
270,Media Planning,2
271,Media Production,2
272,Medium,2
273,Mergers and Acquisitions (M&A),2
274,Metamodel,2
275,Methodology,2
276,Microsoft,2
277,Microsoft Excel,2
278,Microsoft Office,2
279,Microsoft OneNote,2
280,Microsoft Outlook,2
281,Microsoft PowerPoint,2
282,Microsoft Word,2
283,Mining and Quarrying,2
284,Mobile Marketing,2
285,Music Production,2
286,Needs Analysis,2
287,Negotiation,2
288,Networking,2
289,Newsletters,2
290,Newspapers,2
291,Nonverbal Communication,2
292,Numerical Competence,2
293,Objection Handling,2
294,Objection Prevention,2
295,Office Administration,2
296,Office Management,2
297,Offshoring,2
298,Online Business,2
299,Online Marketing,2
300,Online Media,2
301,OpenCard,2
302,Operations Management,2
303,Oral Communication,2
304,Organizational Behaviour,2
305,Organizational Skill,2
306,Organizational Studies,2
307,Outline of Management,2
308,Outreach,2
309,Outsourcing,2
310,Page Setup,2
311,Paid Socia Media Advertisement,2
312,Pattern Finding,2
313,Pay-Per-Click (PPC) Marketing,2
314,Payroll Services,2
315,Performance Management,2
316,Performance Review,2
317,Persuasion,2
318,Petty Cash Control,2
319,Photography,2
320,Pivot Table,2
321,Planning,2
322,Point of Sale (POS) Software,2
323,Policy Analysis,2
324,Post-Sale Relationship Management,2
325,Power Management,2
326,Presentation,2
327,PrestaShop,2
328,Pricing System,2
329,Private Equity,2
330,Problem Management,2
331,Problem Solving,2
332,Process Model,2
333,Processing,2
334,Procurement,2
335,Product,2
336,Product Development,2
337,Product Knowledge,2
338,Product Liability,2
339,Product Lifecycle Management (PLM),2
340,Product Management,2
341,Product Marketing,2
342,Product Roadmap,2
343,Product Testing,2
344,Production,2
345,Production Process,2
346,Productivity Software Application,2
347,Professional Training,2
348,Programming,2
349,Project Management,2
350,Project Planning,2
351,Project Supervision,2
352,Property,2
353,Property Information,2
354,Property Maintenance,2
355,Property Management,2
356,Property Management Software,2
357,Property Management System,2
358,Property Tax,2
359,Public Equity,2
360,Public Relations (PR),2
361,Public Relations and Communications,2
362,Public Speaking,2
363,Publishing,2
364,QA Testing,2
365,Qualification Questioning,2
366,Qualitative Marketing Research,2
367,Quality Assurance (QA),2
368,Quality Control,2
369,Quality Management,2
370,Quantitative Marketing Research,2
371,Quantitative Report,2
372,Quantitative Research,2
373,Quickbooks,2
374,Radio Production,2
375,Rally,2
376,Rapport Building,2
377,Real Estate,2
378,Real Property,2
379,Reasoning,2
380,Records Management,2
381,Recruiting,2
382,Regional Planning,2
383,Report Analysis,2
384,Reporting,2
385,Requirement Analysis,2
386,Requirements Gathering,2
387,Research,2
388,Research and Development (R&D),2
389,Resource Management,2
390,Retail,2
391,Retail Packaging,2
392,Revenue Recognition,2
393,Risk Analysis,2
394,Risk Management,2
395,Root Cause Analysis,2
396,Sales,2
397,Sales Leadership,2
398,Sales Management,2
399,Sales Operations,2
400,Sales Presentation,2
401,Salesforce,2
402,SAP BusinessObjects,2
403,Scheduling,2
404,Scorecard,2
405,Search Engine and Keyword Optimization,2
406,Search Engine Marketing (SEM),2
407,Search Engine Optimization (SEO),2
408,Service,2
409,Service Management,2
410,Shopify,2
411,Slack,2
412,SmartArt,2
413,Sociability,2
414,Social Accounting,2
415,Social Media Analytics,2
416,Social Media Management,2
417,Social Media Marketing,2
418,Social Network Advertising,2
419,Social Network Analysis,2
420,Social Selling,2
421,Software Business Analysis,2
422,Source Checking,2
423,Stock Market,2
424,Storytelling,2
425,Strategic Management,2
426,Strategic Planning,2
427,Strategic Prospecting,2
428,Subject Matter Expert (SME),2
429,Supply Chain Management,2
430,Supply Chain Risk Management,2
431,System Context Diagram,2
432,Systems Management,2
433,Table,2
434,Talent Management,2
435,Target Audience,2
436,Task Delegation,2
437,Task Management,2
438,Tax,2
439,Tax Accounting,2
440,Team Building,2
441,Teamwork,2
442,Technical Writing,2
443,Technology Management,2
444,Telemarketing,2
445,Template,2
446,Template Building,2
447,Territory Management,2
448,Text Box,2
449,Time Management,2
450,Todoist,2
451,Track Changes,2
452,Trade,2
453,Training,2
454,Transportation,2
455,Trello,2
456,Underwriting,2
457,Venture Capiral,2
458,Venture Capital (VC),2
459,VersionOne,2
460,Video Production,2
461,Viral Marketing,2
462,VOIP,2
463,Wireframes,2
464,WooCommerce,2
465,Word Processor,2
466,WordPress,2
467,Working Capital,2
468,Writing,2
469,Written Communication,2
470,Yardi,2
471,Yoast,2
472,Zapier,2
473,Zoom,2
474,.NET Framework,3
475,2D Computer Graphics,3
476,3D Computer Graphics,3
477,3D Modelling Software,3
478,A/B Testing,3
479,Abstract Data Type,3
480,Abstract Syntax Notation One,3
481,Abstract Syntax Tree,3
482,Access Query Languages,3
483,Ada,3
484,Adaptive Software Development (ASD),3
485,Agile,3
486,Agile Software Development,3
487,Ajax,3
488,ALGOL,3
489,Algorithm,3
490,Algorithm Design,3
491,Algorithmic Trading,3
492,Amazon EC2,3
493,Amazon EMR,3
494,Amazon Relational Database Service,3
495,Anaconda,3
496,Analysis of Algorithm,3
497,Android,3
498,Android Debug Bridge,3
499,Angular,3
500,Ansible,3
501,Apache,3
502,Apache Ant,3
503,Apache Cassandra,3
504,Apache Cordova,3
505,Apache Druid,3
506,Apache Groovy,3
507,Apache Hadoop,3
508,Apache Hbase,3
509,Apache Hive,3
510,Apache Impala,3
511,Apache Kafka,3
512,Apache Maven,3
513,Apache Oozie,3
514,Apache Pig,3
515,Apache Solr,3
516,Apache Spark,3
517,Apache Sqoop,3
518,Apache Subversion,3
519,Apache Tomcat,3
520,Apache Zookeeper,3
521,APL,3
522,Application,3
523,Application Programming Interface (API),3
524,Approximation Algorithm,3
525,apt-build,3
526,Array,3
527,Aspect-Oriented Programming,3
528,Assembly,3
529,Assembly Language,3
530,Autodesk Maya,3
531,Automata Theory,3
532,Automated Billing Systems,3
533,AWS Elastic MapReduce,3
534,B,3
535,Background Debug Mode,3
536,Bash,3
537,BASIC,3
538,Bayesian Optimization,3
539,Beats,3
540,Behaviour-Based Robotics,3
541,Binary Search,3
542,Binary Search Algorithm,3
543,Binary Search Tree,3
544,Binary Tree,3
545,Bison,3
546,Bitbucket,3
547,BitKeeper,3
548,Bootstrap,3
549,BREW,3
550,Build Automation,3
551,Build Tool,3
552,Business Continuity Planning,3
553,C,3
554,C#,3
555,C++,3
556,Cabal,3
557,CADES,3
558,Cascading Style Sheet (CSS),3
559,Character Encoding,3
560,Character Encodings in HTML,3
561,CI/CD,3
562,Classis Mac OS,3
563,Cleanroom,3
564,Cleanroom Software Engineering,3
565,Clojure,3
566,Cloud Database Management System,3
567,Cloudera Hue,3
568,CloudSlang,3
569,CMM,3
570,CMMI/SCAMPI,3
571,COBOL,3
572,Code Review,3
573,Code Version,3
574,Coding,3
575,Cognitive,3
576,ColdFusion,3
577,Column-oriented Database Management System,3
578,Command Language,3
579,Command-Line Interface,3
580,Command-Line Interpreter,3
581,Common ISDN Application Programming Interface (CAPI),3
582,Common Lisp,3
583,Compiler,3
584,Compiler Optimization,3
585,Compiler Theory,3
586,Complexity,3
587,Component-Based Software Engineering,3
588,Computational Biology,3
589,Computational Chemistry,3
590,Computational Complexity Theory,3
591,Computational Neuroscience,3
592,Computational Optimization,3
593,Computational Physics,3
594,Computational Science,3
595,Computer Accessibility,3
596,Computer Algebra,3
597,Computer Architecture,3
598,Computer Graphics,3
599,Computer Hardware,3
600,Computer Programming,3
601,Computer Science,3
602,Computer Systems Organization,3
603,Computer-aided Design,3
604,Computer-Aided Engineering,3
605,Computer-Aided Software Engineering,3
606,Computing,3
607,Computing Interface,3
608,Concurrency,3
609,Concurrent Computing,3
610,Concurrent Programming,3
611,Concurrent System,3
612,Conda,3
613,Configuration,3
614,Configuration Management,3
615,Contextual Query Language,3
616,Continuous Delivery (CD),3
617,Continuous Integration (CI),3
618,CouchDB,3
619,CPLEX,3
620,Cray Supercomputer,3
621,CSS Animation,3
622,CSS Code,3
623,CSS Framework,3
624,CVS,3
625,CVSNT,3
626,Cybernetics,3
627,D,3
628,Dart,3
629,Data Capture,3
630,Data Definition Language (DDL),3
631,Data Display Debugger,3
632,Data Encoding,3
633,Data Management,3
634,Data Manipulation Language,3
635,Data Mapping,3
636,Data Streaming,3
637,Data Structure,3
638,Data Structure Alignment,3
639,Data Structured Language,3
640,Database,3
641,Database Administration,3
642,Database Application,3
643,Database Design,3
644,Database Development,3
645,Database Management System,3
646,Database System,3
647,Databricks,3
648,Dataframe,3
649,Debian Bug Tracking System,3
650,Debugger,3
651,Debugging,3
652,DEC Minicomputer,3
653,Delphi,3
654,Dependability,3
655,Desktop Virtualization,3
656,Development Tools,3
657,Developmental Robotics,3
658,DevOps,3
659,DevOps Automation Tool,3
660,Dictionary,3
661,Disciplined Agile Delivery (DAD),3
662,Disk Array,3
663,Distributed Computing,3
664,Distributed Database,3
665,Distributed Database Management System (DDBMS),3
666,Distributed Relational Database Architecture,3
667,Distributed System,3
668,Django,3
669,Docker,3
670,Doctrine Query Language (DQL),3
671,Document-oriented Database,3
672,Document-oriented Database Management System,3
673,Dylan,3
674,Dynamic Systems Development Method (DSDM),3
675,DynamoDB,3
676,Eclipse,3
677,ECMAScript,3
678,Editor,3
679,Eiffel,3
680,EJB,3
681,Elastic (ELK) Stack,3
682,Elasticsearch,3
683,Electronic Design Automation,3
684,Elm,3
685,Embedded C++,3
686,Embedded System,3
687,Emulator High-Level Language Application Program Interface (EHLLAPI),3
688,Encoding,3
689,Energy Consumption,3
690,Enthought Canopy,3
691,Entity Relationship Diagram (ERD),3
692,Entrop Encoding,3
693,Epigenetic Robotics,3
694,Erlang,3
695,Event Listener,3
696,Event Processor,3
697,Evolutionary Algorithm,3
698,Evolutionary Computation,3
699,Evolutionary Robotics,3
700,Experimental Software Engineering,3
701,Extensible Application Markup Language,3
702,Extensible HyperText Markup Language (XHTML),3
703,Extensible Markup Language (XML),3
704,Extensible Stylesheet Language (XSL),3
705,Extensible Stylesheet Language Transformations (XSLT),3
706,Extract Transform Load (ETL),3
707,Extreme Programming,3
708,Extreme Programming (XP),3
709,F#,3
710,Feature-Driven Development (FDD),3
711,Final Builder,3
712,Fitness Approximation,3
713,Flow Control Statement,3
714,Flowchart,3
715,Formal Method,3
716,Formal Semantic,3
717,Forth,3
718,Fortran,3
719,FourGen Computer-Aided Software Engineering (CASE) Tools,3
720,FreeMarker,3
721,Front End,3
722,Full Stack Software Engineering,3
723,Functional Decomposition,3
724,Gate Array,3
725,Geometric Algorithm,3
726,Geronimo,3
727,GIAC Web Application Security,3
728,Git,3
729,Github,3
730,GitLab,3
731,GlassFish,3
732,GNU Arch,3
733,GNU Bazaar,3
734,GNU Cflow,3
735,GNU Debugger,3
736,Golang,3
737,Google App Engine,3
738,Google OR-Tools,3
739,Google Web Toolkit,3
740,Gosu,3
741,Gradle,3
742,Grails,3
743,Graph Algorithm,3
744,Graph Database,3
745,Graph Database Management System,3
746,Graphical User Interface (GUI),3
747,Graphics Processing Unit (GPU),3
748,GUI Design,3
749,Gurobi,3
750,Hadoop Distributed File System (HDFS),3
751,Hadoop MapReduce,3
752,Hardware,3
753,Hardware Acceleration,3
754,Hardware Virtualization,3
755,Hash Table,3
756,Haskell,3
757,Haxe,3
758,HBase,3
759,Hibernate ORM,3
760,Hibernate Query Language,3
761,Hierachical Database,3
762,Homebrew,3
763,HTML Abstraction Markup Language,3
764,Human Machine Interface,3
765,Human-Computer Interaction,3
766,Human-Computer Interaction (HCI),3
767,HyperText Markup Language (HTML),3
768,IBM Configuration Management Version Control,3
769,IBM DB2,3
770,IBM Mainframe,3
771,IIS Debugging,3
772,Image Compression,3
773,Image Manipulation,3
774,Image Processing,3
775,Imagine,3
776,Implementation,3
777,Incremental Build Model,3
778,InfiniteGraph,3
779,InfoGrid,3
780,Information Visualization,3
781,Infrastructure as Code (IaS),3
782,Integrated Circuit,3
783,Integrated Database Application Program Interface (IDAPI),3
784,Integrated Design and Engineering Analysis Software (I-DEAS),3
785,Integrated Development Environment (IDE),3
786,IntelliJ IDEA,3
787,Interaction Design,3
788,Internet Server Application Programming Interface,3
789,Interpreter,3
790,iOS,3
791,IPython,3
792,Iterative and Incremental Development (IID),3
793,Ivy,3
794,Java,3
795,Java Persistence Query Language,3
796,Java Programming Language Compiler (Javac),3
797,Java Stored Procedure,3
798,Java Syntax,3
799,Java Virtual Machine (JVM),3
800,JavaFX,3
801,JavaScript,3
802,JavaScript Library,3
803,JavaScript Style Sheet,3
804,JBoss,3
805,JBoss Seam,3
806,Jenkins,3
807,Jetty,3
808,Jira,3
809,jQuery,3
810,Jruby,3
811,Julia,3
812,JUnit,3
813,Jupyter,3
814,Jupyter Notebook,3
815,JupyterLab,3
816,Kanban,3
817,Kernel Debugger,3
818,Kernel-Based Virtual Machine,3
819,Key-value Database,3
820,Key-value Database Management System,3
821,Keyhole Markup Language,3
822,Kibana,3
823,Knowledge Engineering,3
824,Kosmos Distributed File System (KFS),3
825,Kotlin,3
826,Laravel,3
827,Lasso,3
828,LaTeX,3
829,Lean Software Development,3
830,LeSS,3
831,LibreSource Synchronizer,3
832,Linked List,3
833,Linker,3
834,Linux,3
835,Lisp,3
836,List,3
837,Loader,3
838,Logstash,3
839,Lua,3
840,macOS,3
841,Mail Sorter,3
842,Make,3
843,Mapping,3
844,MariaDB,3
845,Markup Language,3
846,Mastercam,3
847,Maven,3
848,Mercurial,3
849,Messaging Application Programming Interface,3
850,Meta Language,3
851,Microsft SQL Server Data Engine (MSDE),3
852,Microsoft .NET,3
853,Microsoft Azure SQL Database,3
854,Microsoft Foundation Class Library,3
855,Microsoft Hyper-V,3
856,Microsoft Java Virtual Machines,3
857,Microsoft Soluitions Framework (MSF),3
858,Microsoft SQL Server,3
859,Microsoft SQL Servers,3
860,Microsoft Visual Studio Debugger,3
861,Middleware,3
862,Middleware and Integration Software,3
863,Miniconda,3
864,MISRA C,3
865,Missing Data,3
866,Mixed Reality,3
867,Mobile Development,3
868,Model-Driven Engineering (MDE),3
869,Model-Driven Software Engineering,3
870,Modelling,3
871,Modelling Language,3
872,MODO,3
873,Molecular Query Language,3
874,MongoDB,3
875,MongoDB Atlas,3
876,MongoDB Community Server,3
877,MongoDB Enterprise Server,3
878,Motion Graphic Design,3
879,MS SQL Server,3
880,Multi-model Database Management System,3
881,Multiprocessing,3
882,Multithreading,3
883,MySQL,3
884,MySQL Workbench,3
885,MySQL++,3
886,Nant,3
887,NetBeans,3
888,Netscape Server Application Programming Interface,3
889,Nice,3
890,Node.js,3
891,NoSQL,3
892,NP Completeness,3
893,NuGet,3
894,Numerical Analysis,3
895,NumPy,3
896,Object Database,3
897,Object Oriented CSS,3
898,Object-Oriented Database,3
899,Object-Oriented Database Management System,3
900,Object-Oriented Design,3
901,Object-Oriented Programming (OOP),3
902,Object-Relational Database,3
903,Object-Relational Mapping (ORM),3
904,Objective-C,3
905,Ocaml,3
906,OneFS Distributed File System,3
907,Onshape,3
908,Open Unified Process (OpenUP),3
909,Operating System,3
910,Operational Databases,3
911,Optical Sorting,3
912,Oracle,3
913,Oracle Databases,3
914,Oracle Developer Studio,3
915,Oracle Netsuite,3
916,Oracle NoSQL Database,3
917,Oracle SQL Developer,3
918,Oracle Virtual Machine,3
919,Orcale VM VirtualBox,3
920,OSGi,3
921,Package Manager,3
922,Palm PDA,3
923,Pandas,3
924,Parallel Computing,3
925,Parallel Programming,3
926,Parallel System,3
927,Parallel Virtual Machine,3
928,Parser,3
929,Parser Creation Tool,3
930,Pascal,3
931,Payment Processing,3
932,Performance Application Programming Interface,3
933,Peripheral,3
934,Perl,3
935,Permutation,3
936,Persistent Data Structure,3
937,Personal Software Process (PSP),3
938,Phalcon,3
939,PHP,3
940,PHP Development,3
941,PHP Framework,3
942,PHP Syntax and Semantics,3
943,PHPMyAdmin,3
944,pip,3
945,PL,3
946,PL/SQL,3
947,Platform,3
948,Play,3
949,Polytron Version Control System (PVCS),3
950,Post-Processing,3
951,PostgreSQL,3
952,Powershell,3
953,Printed Circuit Board,3
954,Priority Queue,3
955,Process and Methodology,3
956,Profiler,3
957,Profiling,3
958,Programming Language,3
959,Programming Language Pragmatic,3
960,Programming Language Theory,3
961,Programming Model,3
962,Programming Paradigm,3
963,Programming Tool,3
964,Prolog,3
965,Pseudocode,3
966,PyCharm,3
967,PyDev,3
968,PyPI,3
969,PyPM,3
970,Python,3
971,QEMU,3
972,Quantum Computing Theory,3
973,Query Language,3
974,Quma Version Control System (QVCS),3
975,QVCS,3
976,R,3
977,R Shiny,3
978,Rake,3
979,Random Forest Algorithm,3
980,Rapid Application Development,3
981,Rapid-Application Building (RAB),3
982,Rapid-Application Development (RAD),3
983,Rational Unified Process (RUP),3
984,RCS,3
985,React,3
986,React Native,3
987,Real-time Computing,3
988,Redux,3
989,Relational Database,3
990,Relational Database Management System (RDSMS),3
991,Release Automation,3
992,Release Engineering,3
993,Remote Debugging,3
994,Rendering,3
995,Repetition,3
996,Representational state transfer (REST),3
997,Responsive Design Principle,3
998,Responsive Web Design,3
999,RESTful API,3
1000,Reverse Engineering,3
1001,Revision Control,3
1002,Rhino,3
1003,Riak,3
1004,Robot,3
1005,RStudio,3
1006,Ruby,3
1007,Ruby on Rails,3
1008,RubyGems,3
1009,Rule-Based Programming,3
1010,Rust,3
1011,Salesforce Object Query Language (SOQL),3
1012,SAP,3
1013,sbt,3
1014,Scala,3
1015,Scaled Agile Framework (SAFe),3
1016,Scheme,3
1017,Scientific Computing,3
1018,SciPy,3
1019,Script Debugger,3
1020,Scripting Language,3
1021,Scrum,3
1022,Scrum Methodology,3
1023,Search Algorithm,3
1024,Searching,3
1025,Security Assertion Markup Language (SAML),3
1026,Sed,3
1027,Selection,3
1028,SEMAT,3
1029,Sequence,3
1030,Service Provisioning Markup Language,3
1031,Shell,3
1032,Simula,3
1033,Simultaneous Localization And Mapping (SLAM) Algorithm,3
1034,SketchUp,3
1035,Smaltalk,3
1036,Social Computing,3
1037,Software Application,3
1038,Software Architecture,3
1039,Software as a Service (SaaS),3
1040,Software Construction,3
1041,Software Deployment,3
1042,Software Design,3
1043,Software Development,3
1044,Software Development Kit (SDK),3
1045,Software Development Life Cycle (SDLC),3
1046,Software Documentation,3
1047,Software Engineering,3
1048,Software Interface,3
1049,Software Maintenance,3
1050,Software Management,3
1051,Software Organization,3
1052,Software Package,3
1053,Software Process,3
1054,Software Prototyping,3
1055,Software Quality Assurance (SQA),3
1056,Software Requirement,3
1057,Software Stack,3
1058,Software System,3
1059,Software Testing,3
1060,Software Tool,3
1061,Solaris,3
1062,Solid Modelling,3
1063,SonarQube,3
1064,Sort-Merge,3
1065,Sorting,3
1066,Sorting Algorithm,3
1067,SortSite,3
1068,Source Code Management,3
1069,Source Control,3
1070,SourceGear Vault,3
1071,Spark Streaming,3
1072,Special Effects,3
1073,SPEM,3
1074,Spiral Model,3
1075,Spring,3
1076,Spring Boot,3
1077,Spring Framework,3
1078,Sprite,3
1079,Spyder,3
1080,SQL Server Integration Services,3
1081,SQL Server Integration Services (SSIS),3
1082,SQL Server Reporting Services,3
1083,SQLite,3
1084,Stable Marriage Problem,3
1085,Standard Generalized Markup Language,3
1086,Standard Markup Language,3
1087,Standard ML,3
1088,Static Code Analysis Tool,3
1089,Structured Programming,3
1090,Structured Query Language (SQL),3
1091,Structured Query Language Procedural Language (SQL PL),3
1092,Structured Storage,3
1093,Struts 2,3
1094,Style Sheet Language,3
1095,Sun Microsystems Solaris,3
1096,Swift,3
1097,Sybase,3
1098,Symbian OS,3
1099,Symbolic Computation,3
1100,System Center Virtual Machine Management,3
1101,Systems on Chip (SoCs),3
1102,T-SQL,3
1103,Tabular Database,3
1104,Tapestry,3
1105,TC Shell,3
1106,Tcl,3
1107,Team Foundation Server,3
1108,Team Software Process (TSP),3
1109,Technical Documentation,3
1110,Telephony Application Programming Interface,3
1111,Teletraffic Engineering,3
1112,Teradata,3
1113,Teradata SQL,3
1114,Terraform,3
1115,Testing,3
1116,TestNG,3
1117,Text Editor,3
1118,Theoretical Computer Science,3
1119,Theory of Computation,3
1120,Tidyverse,3
1121,Transact-SQL,3
1122,Treatment Algorithm,3
1123,Tree,3
1124,Tree Algorithm,3
1125,Type Theory,3
1126,TypeScript,3
1127,Ubiquitous Computing,3
1128,Ubuntu,3
1129,UI Design,3
1130,Unified Process (UP),3
1131,Unix,3
1132,Unix Command,3
1133,Unix Security,3
1134,Unix Shell,3
1135,Unix Tool,3
1136,Unix Utility,3
1137,Usability Engineering,3
1138,User Interface (UI),3
1139,User Interface Design,3
1140,V-Model,3
1141,Variable,3
1142,VBScript,3
1143,vcpkg,3
1144,Velocity,3
1145,Verilog,3
1146,Version Control,3
1147,Version Control Software,3
1148,Version Control System,3
1149,Very Large Scale Integratoin,3
1150,VHDL,3
1151,Video Encoding,3
1152,Vim,3
1153,Virtual Machine,3
1154,Virtual Machine Interface,3
1155,Virtual Machine Manager,3
1156,Virtual Reality (VR),3
1157,Virtualization,3
1158,Visual Basic,3
1159,Visual Basic .NET,3
1160,Visual Basic For Applications (VBA),3
1161,Visual Build Pro,3
1162,Visual C++,3
1163,Visual Studio,3
1164,Visual Studio Code,3
1165,Visual Studio Community,3
1166,Visual Studio Team Services,3
1167,Visualization,3
1168,Vmware,3
1169,vSphere,3
1170,Waterfall Model,3
1171,Web Analytics,3
1172,Web Application,3
1173,Web Application Attack and Audit Framework,3
1174,Web Application Description Language (WADL),3
1175,Web Application Development,3
1176,Web Application Framework,3
1177,Web Architecture,3
1178,Web Design,3
1179,Web Development,3
1180,Web Development Framework,3
1181,Web Framework,3
1182,Web Navigation,3
1183,Web Property,3
1184,Weblogic,3
1185,WebSphere,3
1186,Windows,3
1187,Xcode,3
1188,XEN,3
1189,XML Database,3
1190,Yacc,3
1191,Yii,3
1192,3D Segmentation,4
1193,Adobe Analytics,4
1194,Adobe SiteCatalyst,4
1195,Adversarial Machine Learning,4
1196,Agglomerative Clustering,4
1197,Alteryx,4
1198,Analysis of Covariance,4
1199,Analysis of Variance (ANOVA),4
1200,Analytical Chemistry,4
1201,Analytical Thinking,4
1202,Anomaly Detection,4
1203,Applicant Tracking System,4
1204,Applied Statistics,4
1205,Area Map,4
1206,Artificial Intelligence (AI),4
1207,Artificial Neural Network (ANN),4
1208,ATLAS.ti,4
1209,Augmented Reality (AR),4
1210,Autocorrelation (ACF),4
1211,Autoencoder,4
1212,Automated Essay Scoring (AES),4
1213,Automated Machine Learning,4
1214,Automated Reasoning,4
1215,Automatic Identification,4
1216,Automatic Number Plate Recognition,4
1217,Automatic Summarization,4
1218,Autonomous Vehicle,4
1219,Autoregressive (AR) Model,4
1220,Autoregressive Integrated Moving Average (ARIMA) Model,4
1221,Autoregressive-Moving-Average (ARMA) Model,4
1222,Azure Machine Learning,4
1223,Azure Machine Learning Studio,4
1224,Bag-of-words,4
1225,Bagging,4
1226,Balanced Iterative Reducing and Clustering using Hierarchies (BIRCH),4
1227,Bar Chart,4
1228,Bayes Network,4
1229,Bayesian Estimator,4
1230,Bayesian Inference,4
1231,Bayesian Modelling,4
1232,Bayesian Networks,4
1233,Bayesian Networks Inference,4
1234,Bayesian Probability,4
1235,Bayesian Regression,4
1236,Bayesian Statistics,4
1237,Bernoulli Regression,4
1238,Big Data,4
1239,Big Data Analysis,4
1240,Big Data Analytics,4
1241,Big Data Tool,4
1242,BigML,4
1243,Bigram,4
1244,Binomial Regression,4
1245,Bioinformatics,4
1246,Bioinformatics Analysis,4
1247,Boosting,4
1248,Box Plot,4
1249,Bubble Chart,4
1250,Bug Tracking System,4
1251,Burn Down Chart,4
1252,Business Intelligence (BI),4
1253,Business Intelligence Development,4
1254,Business Intelligence Development Studio,4
1255,Business Intelligence Testing,4
1256,Business Intelligence Tool,4
1257,Caffe,4
1258,Canonical-Correlation Analysis (CCA),4
1259,Cartesian Genetic Programming,4
1260,CatBoost,4
1261,CATS Applicant Tracking System,4
1262,Central Limit Theorem,4
1263,Chart Abstraction,4
1264,Chart.js,4
1265,Chatbot,4
1266,Chatterbot,4
1267,Churn Prediction,4
1268,Classification,4
1269,Classification and Regression Tree,4
1270,Cloud Vision API,4
1271,CloudFormation,4
1272,Cluster Analysis,4
1273,Cluster-computing Framework,4
1274,Clustering,4
1275,Clustering Using Representatives (CURE),4
1276,Collocation Extraction,4
1277,Compound Term Processing,4
1278,Computer Audition,4
1279,Computer Vision,4
1280,Computer-Assisted Reviewing,4
1281,Computer-Assisted Translation (CAT),4
1282,Concept Mining,4
1283,Concordancer,4
1284,Conditional Random Field (CRF),4
1285,Conditional Random Fields,4
1286,Confidence Intervals,4
1287,Content-Based Image Retrieval,4
1288,Control Chart,4
1289,Convolutional Neural Network (CNN),4
1290,Convolutional Neural Network (ConvNet),4
1291,Copula,4
1292,Core Architecture Data Model,4
1293,Coreference Resolution,4
1294,Coremetrics,4
1295,Correlation,4
1296,Covariance,4
1297,Cross Validation,4
1298,Cross-validation,4
1299,D3.js,4
1300,Dash,4
1301,Dashboard,4
1302,Data,4
1303,Data Acquisition,4
1304,Data Analysis,4
1305,Data Analysis And Display (DADiSP),4
1306,Data Analytics,4
1307,Data Architecture,4
1308,Data Cleansing,4
1309,Data Engineering,4
1310,Data Gathering,4
1311,Data Language,4
1312,Data Manipulation,4
1313,Data Mining,4
1314,Data Mining Query Language (DMQL),4
1315,Data Modelling,4
1316,Data Pipeline,4
1317,Data Preparation,4
1318,Data Presentation,4
1319,Data Reporting,4
1320,Data Science,4
1321,Data Science Tool,4
1322,Data Scraping,4
1323,Data Sharing,4
1324,Data Storytelling,4
1325,Data Visualization,4
1326,Data Wrangling,4
1327,DataRobot,4
1328,Dataset,4
1329,Datawrapper,4
1330,Decision Tree,4
1331,Decomposition of Time Series,4
1332,Dedoose,4
1333,Deep Learning,4
1334,DeepDream,4
1335,Degree of Freedom,4
1336,Density-Based Spatial Clustering of Applications with Noise (DBSCAN),4
1337,Descriptive Statistics,4
1338,Digital Image Processing,4
1339,Dimensionality Reduction,4
1340,Distributed Social Networking Protocols,4
1341,Divisive Clustering,4
1342,Dual Generative Adversarial Network (DualGAN),4
1343,E Charts,4
1344,Echo State Network (ESN),4
1345,Educational Data Mining,4
1346,Efficient-Market Hypothesis,4
1347,Ensemble,4
1348,Ensemble Learning,4
1349,Ensemble Method,4
1350,Errors and Residuals,4
1351,Erwin,4
1352,Example-Based Machine Translation (EBMT),4
1353,Expectation-Maximization (EM),4
1354,Exploratory Analysis,4
1355,Exploratory Data Analysis,4
1356,Exponential Smoothing,4
1357,F-test,4
1358,Face Recognition,4
1359,Facial Recognition,4
1360,Factor Analysis,4
1361,Feature Detection,4
1362,Feature Engineering,4
1363,Feature Extraction,4
1364,Feature Labs,4
1365,Feature Selection,4
1366,Feed Forward Neural Network,4
1367,Feedback Neural Network (FNN),4
1368,Financial Data Analysis,4
1369,Financial Data Storytelling,4
1370,Financial Modelling,4
1371,Flow Process Chart,4
1372,Frequentist Inference,4
1373,FusionCharts,4
1374,Fuzzy Logic,4
1375,Gantt Chart,4
1376,Gated Recurrent Unit (GRU),4
1377,Gaussian Process,4
1378,General Linear Model,4
1379,Generalized Linear Model (GLM),4
1380,Generative Adversarial Network (GAN),4
1381,Genetic Programming,4
1382,Geographic Information System (GIS),4
1383,ggplot2,4
1384,Goal Tracking System,4
1385,Google Analytics,4
1386,Grammar Checker,4
1387,Granger Causality,4
1388,Graph Transformer Networks,4
1389,Graphical Model,4
1390,Ground Truth Acquisition,4
1391,H2O,4
1392,Handwriting Recognition,4
1393,Heat Map,4
1394,Hidden Markov Model (HMM),4
1395,Hidden Markov Models,4
1396,Hierarchical Clustering,4
1397,Hierarchical Mixed Models,4
1398,HighCharts,4
1399,Histogram,4
1400,Human Factor Impact,4
1401,Hyperparameter Optimization,4
1402,Hypothesis Testing,4
1403,IBM Cognos Business Intelligence,4
1404,Image Retrieval,4
1405,Image Search,4
1406,Image Segmentation,4
1407,Image Sensor Technology,4
1408,Imitation Learning,4
1409,Impact Metric,4
1410,IMR,4
1411,Incremental Learning,4
1412,Independent Component Analysis (ICA),4
1413,Inductive Logic Programming (ILP),4
1414,Inductive Machine Learning,4
1415,Inference,4
1416,Inferential Statistics,4
1417,Informal Retrieval,4
1418,Intelligent Word Recognition,4
1419,Interactive Fiction,4
1420,Interpretational AI,4
1421,Interval Estimation,4
1422,Isotonic Regression,4
1423,Issue Tracking System,4
1424,Java Data Mining,4
1425,JMP,4
1426,Joint Consultation Command And Control Information Exchange Data Model (JC3IEDM),4
1427,k-means Clustering,4
1428,k-Nearest Neighbour (kNN),4
1429,K-Nearest Neighbours Algorithm,4
1430,Keras,4
1431,Kernel-based Principal Component Analysis (KPCA),4
1432,Knime,4
1433,Kurtosis,4
1434,Language Identification,4
1435,LASSO Regression,4
1436,Latent Dirichlet Allocation (LDA),4
1437,Latent Semantic Analysis,4
1438,Learning to Learn,4
1439,Lemmatization,4
1440,Lienar Genetic Programming,4
1441,Line Chart,4
1442,Linear Discriminant Analysis (LDA),4
1443,Linear Regression,4
1444,Log-Normal Distribution,4
1445,Logical Data Models,4
1446,Logistic Regression,4
1447,Long Short-Term Memory (LSTM),4
1448,Luceo,4
1449,Lumen Data,4
1450,Machine Learning,4
1451,Machine Learning Algorithm,4
1452,Machine Translation,4
1453,MapR,4
1454,MapReduce,4
1455,Market Basket Analysis,4
1456,Marketing Analytics,4
1457,Matplotlib,4
1458,Maximum Entropy Markov Models,4
1459,Mean Shift,4
1460,Measure of Central Tendency,4
1461,Measure of Dispersion,4
1462,Measure of Variability,4
1463,Microsoft Business Intelligence,4
1464,Microsoft Cognitive Toolkit (CNTK),4
1465,Microsoft Power BI,4
1466,Microsoft Visio,4
1467,MicroStrategy,4
1468,MLBase,4
1469,MLFlow,4
1470,MLOps,4
1471,Model Based Reinforcement Learning,4
1472,Model Evaluation,4
1473,Model Selection,4
1474,Model Validation,4
1475,Motion Analysis,4
1476,Movement Tracking System,4
1477,Moving Average,4
1478,Multi Expression Programming,4
1479,Multi-document Summarization,4
1480,Multi-level modelling,4
1481,Multi-task Learning,4
1482,Multilayer Perceptron,4
1483,Multiple Linear Regression,4
1484,Multivariate Analysis of Variance,4
1485,Multivariate Linear Regression,4
1486,n-gram,4
1487,Na√Øve Bayes,4
1488,Named-Entity Recognition,4
1489,Natural Language Generation,4
1490,Natural Language Processing (NLP),4
1491,Natural Language Processing System,4
1492,Natural Language Processing Toolkit (NLTK),4
1493,Natural Language Programming,4
1494,Natural Language Toolkit,4
1495,Natural Language Understanding,4
1496,Natural Language User Interface,4
1497,Negative Binomial Distribution,4
1498,Network Analysis,4
1499,Network Analysis Module,4
1500,Neural Machine Translation (NMT),4
1501,Neural Network,4
1502,Next Best Offer,4
1503,Noise Reduction,4
1504,Non-negative Matrix Factorization (NMF),4
1505,Nonlinear Dimensionality Reduction,4
1506,Nonlinear Regression,4
1507,Normal Distribution,4
1508,Noticing Hypothesis,4
1509,Object Detection,4
1510,Object Recognition,4
1511,Object-Oriented Data Model For Database Modelling,4
1512,Onthology Learning,4
1513,OpenCV,4
1514,Optical Character Recognition,4
1515,Optical Mark Recognition,4
1516,Oracle Business Intelligence Enterprise Edition,4
1517,Ordering Points To Identify the Clustering Structure (OPTICS),4
1518,Ordinary Least Squares,4
1519,Organizational Chart,4
1520,Outliers,4
1521,Overfitting,4
1522,Pachinko Allocation,4
1523,Parallel Ensemble Method,4
1524,Parametric Test,4
1525,Parsec,4
1526,Parseint,4
1527,Parser Generators,4
1528,Parsing,4
1529,Part-of-speech (POS) Tagging,4
1530,Partial Autocorrelation (PACF),4
1531,Pattern Analysis,4
1532,Pattern Recognition,4
1533,Paxata,4
1534,Perceptron,4
1535,Pie Chart,4
1536,Platt Calibration,4
1537,Plotly,4
1538,Point Estimation,4
1539,Poisson Distribution,4
1540,Poisson Regression,4
1541,Polynomial Regression,4
1542,Population,4
1543,Predictive Analytics,4
1544,Predictive Model,4
1545,Predictive Modelling,4
1546,Predictive Text,4
1547,Principal Component Analysis (PCA),4
1548,Probabilistic Network,4
1549,Probability,4
1550,Probability Distribution,4
1551,Probability Theory,4
1552,Probably Approximately Correct (PAC) Learning,4
1553,Project Chart,4
1554,Proper Generalized Decomposition (PGD),4
1555,PSPP,4
1556,PySpark,4
1557,PyTorch,4
1558,Q-learning,4
1559,Qlik,4
1560,Qlik Sense,4
1561,QlikView,4
1562,Qualitative Data Analysis,4
1563,Quantitative Data Analysis,4
1564,Qubole,4
1565,Query Type,4
1566,Question Answering,4
1567,Random Forest,4
1568,Random Testing,4
1569,Random Variable,4
1570,RapidMiner,4
1571,Recommendation Engine,4
1572,Recommendation System,4
1573,Recommendations AI,4
1574,Recurrent Neural Network (RNN),4
1575,Recurrent Sliding Windows,4
1576,Redshift,4
1577,Regression,4
1578,Regression Analysis,4
1579,Regression Modelling,4
1580,Regression Testing,4
1581,Regression Validation,4
1582,Regular Expressions,4
1583,Reinforcement Learning,4
1584,Relational Data Mining,4
1585,Relevance Vector Machine (RVM),4
1586,Remote Sensing,4
1587,Restricted Boltzmann Machine (RBM),4
1588,Ridge Regression,4
1589,Robotics,4
1590,Rule-based Machine Translation,4
1591,Sampling,4
1592,Sampling Distribution,4
1593,SAP HANA,4
1594,SAS,4
1595,SAS Statistical Analysis,4
1596,SAS Text Miner,4
1597,Scatter Plot,4
1598,Scikit-learn,4
1599,Scoring Metric,4
1600,Seaborn,4
1601,Self-Organizing Feature Map (SOFM),4
1602,Self-Organizing Map (SOM),4
1603,Semantic Analysis,4
1604,Semantic Parsing,4
1605,Semantic Search,4
1606,Semantic Similarity,4
1607,Semantic Technology,4
1608,Semantic Translation,4
1609,Semi-supervised Learning,4
1610,Semi-supervised Machine Learning,4
1611,Sentence Extraction,4
1612,Sentence Segmentation,4
1613,Sentiment Analysis,4
1614,Sequence Generation,4
1615,Sequence Learning Process,4
1616,Sequence Prediction,4
1617,Sequence Recognition,4
1618,Sequential Decision,4
1619,Sequential Ensemble Method,4
1620,Sequential Learning,4
1621,Sequential Prediction Problem,4
1622,Sequential Probability Ratios Testing,4
1623,Sequential Supervised Learning,4
1624,Shift Invariant Artificial Neural Network (SIANN),4
1625,Shiny,4
1626,Signal Processing,4
1627,Significance Test,4
1628,Simple Linear Regression,4
1629,Sisense,4
1630,Skewness,4
1631,Sliding-window Methods,4
1632,Social Networking Tool,4
1633,Soft Computing,4
1634,Space Invariant Artificial Neural Network (SIANN),4
1635,Speaker Recognition,4
1636,Spectral Analysis,4
1637,Spectral Clustering,4
1638,Speech Processing,4
1639,Speech Recognition,4
1640,Speech Segmentation,4
1641,Speech Synthesis,4
1642,Spell Checker,4
1643,SPSS,4
1644,Stacked Bar Chart,4
1645,STATA,4
1646,State-Action-Reward-State-Action (SARSA),4
1647,Statistical AI,4
1648,Statistical Analysis,4
1649,Statistical Data Analysis,4
1650,Statistical Distribution,4
1651,Statistical Hypothesis Testing,4
1652,Statistical Model,4
1653,Statistical Modelling,4
1654,Statistical Semantic,4
1655,Statistical Testing,4
1656,Statistical Theory,4
1657,Statistics,4
1658,Stemming,4
1659,Stochastic Process,4
1660,Stopwords,4
1661,Structured Prediction,4
1662,Student's t-test,4
1663,Supervised Learning,4
1664,Supervised Machine Learning,4
1665,Support Vector Machine (SVM),4
1666,Survey Data Analysis,4
1667,Symbolic AI,4
1668,Syntax Guessing,4
1669,t-distributed Stochastic Neighbour Embedding (t-SNE),4
1670,Tableau,4
1671,Temporal Difference (TD) Learning,4
1672,TensorFlow,4
1673,Terminology Extraction,4
1674,Testing Hypothesis,4
1675,Text Analysis,4
1676,Text Chunking,4
1677,Text Mining,4
1678,Text Parsing,4
1679,Text Recognition,4
1680,Text Segmentation,4
1681,Text Simplification,4
1682,Textual Entailment,4
1683,Theano,4
1684,Thompson Sampling,4
1685,Time Series,4
1686,Time Series Analysis,4
1687,Time Series Forecasting,4
1688,Time Series Model,4
1689,Toad Data Modeler,4
1690,Topic Modelling,4
1691,Torch,4
1692,Tracking System,4
1693,Transformer,4
1694,Transfuction,4
1695,Trend Estimation,4
1696,Trifacta,4
1697,Trigram,4
1698,Truecasing,4
1699,U-Net,4
1700,Uniform Distribution,4
1701,Univariate Analysis,4
1702,Unsupervised Learning,4
1703,Unsupervised Machine Learning,4
1704,Variance Analysis,4
1705,Vector Autoregression (VAR),4
1706,Vehicle Tracking System,4
1707,Virtual Assistant,4
1708,Virtual Intelligence,4
1709,Virtual Reality,4
1710,Voice User Interface,4
1711,Web Scraping,4
1712,Weka,4
1713,Word Segmentation,4
1714,Word-sense Disambiguation,4
1715,Xenographic,4
1716,Yammer,4
1717,Z-test,4
1718,360 Secure Browser,5
1719,Abiquo Enterprise Edition,5
1720,Access Control,5
1721,Access Control Facility,5
1722,Access Control List,5
1723,Access Control System,5
1724,Advanced Encryption Standard (AES),5
1725,Advanced Persistent Threat (APT),5
1726,Alibaba Cloud,5
1727,Amazon S3,5
1728,Amazon Silk,5
1729,Amazon Web Service (AWS),5
1730,Anonymity Network,5
1731,Antivirus Software,5
1732,Apache Hypertext Transfer Protocol Server,5
1733,Application Layer,5
1734,Application Level Multicast Infrastructure (ALMI),5
1735,Application Security,5
1736,AppScale,5
1737,Athena Cloud,5
1738,Atlassian,5
1739,Authentication,5
1740,Authentication Authorization And Accounting (AAA) Server,5
1741,Authentication Protocol,5
1742,Authentication Server,5
1743,Automatic Private IP Addressing (APIPA),5
1744,Automation,5
1745,Automative Security,5
1746,Avant Browser,5
1747,Avast Secure Browser,5
1748,Azure Kubernetes Service,5
1749,Backdoor,5
1750,Basic Access Authentication,5
1751,Basilisk,5
1752,Beaker,5
1753,Berkeley Socket,5
1754,Biometric Spoofing,5
1755,BitLocker Drive Encryption,5
1756,Blink,5
1757,Blink-based Web Brower,5
1758,Blisk,5
1759,Block Cipher,5
1760,Blockchain,5
1761,Bluemix,5
1762,Border Gateway Protocol (BGP),5
1763,Box,5
1764,Brave,5
1765,Browser Engine,5
1766,Cake Browser,5
1767,Centralized Storage System,5
1768,Cerfified Ethical Hacker,5
1769,Certified Information Security Manager (CISM),5
1770,Certified Information Systems Auditor (CISA),5
1771,Certified Information Systems Security Professional (CISSP),5
1772,Chef,5
1773,Chromium,5
1774,Cipher,5
1775,Ciphertext,5
1776,Cisco Certified Network Associate (CCNA),5
1777,Cisco Router,5
1778,Cloud API,5
1779,Cloud Application,5
1780,Cloud Computing,5
1781,Cloud Computing Architecture,5
1782,Cloud Computing Security,5
1783,Cloud Foundry,5
1784,Cloud Platform,5
1785,Cloud Service,5
1786,Cloud Storage,5
1787,Cloud Technology,5
1788,CloudBolt,5
1789,Cloudera,5
1790,Cloudera Manager,5
1791,CloudStack,5
1792,CM Browser,5
1793,Coc Coc Browser,5
1794,Cocaine,5
1795,Coherent Remote File System (CRFS),5
1796,Common Vulnerabilities and Exposures (CVE),5
1797,Common Vulnerability Scoring System (CVSS),5
1798,Common Weakness Enumeration (CWE),5
1799,Comodo Dragon,5
1800,Comodo IceDragon,5
1801,CompTIA Security,5
1802,Computer Access Control,5
1803,Computer Crime,5
1804,Computer Fraud,5
1805,Computer Security,5
1806,Computer Simulation,5
1807,Computer Virus,5
1808,Computer Worm,5
1809,Computing Platform,5
1810,Computing Technology,5
1811,Confluence,5
1812,Conkeror,5
1813,Connectionless-Mode Network Service,5
1814,Consumer Privacy,5
1815,Cookies,5
1816,Counter Mode Cipher Block Chaining Message Authentication Code Protocol (CCMP),5
1817,CPU Socket,5
1818,Creatio,5
1819,Critix Cloud,5
1820,Cryptocurrency,5
1821,Cryptographic Hash Function,5
1822,Cryptographic Protocol,5
1823,Cryptographic Pseudorandom Number Generator (CPRNG),5
1824,Cryptographically Secure Pseudorandom Number Generator (CSPRNG),5
1825,Cryptography,5
1826,CtrlS,5
1827,Cybercrime,5
1828,Cybersecurity,5
1829,Cybersex Trafficking,5
1830,Cyberwarfare,5
1831,Data Encryption Standard,5
1832,Data Link Layer,5
1833,Data Privacy,5
1834,Data Privacy Law,5
1835,Data Security,5
1836,Data Transmission,5
1837,Data Transmission Network,5
1838,Data-centric Security,5
1839,Database Encryption,5
1840,Dataflow,5
1841,Dataflow Architecture,5
1842,Decision Support System,5
1843,Denial-of-service (DoS),5
1844,Deterministic Random Bit Generator (DRBG),5
1845,Diffie-Hellman Key Exchange,5
1846,Digital Library,5
1847,Digital Marketing System,5
1848,Digital Storage Systems Interconnect,5
1849,DigitalOcean,5
1850,Direct-access Attack,5
1851,Discrete Logarithm,5
1852,Distance Vector Multicast Routing Protocol,5
1853,Distance-Vector Routing Protocol,5
1854,Distributed Denial-of-service (DDoS),5
1855,Distributed File System,5
1856,Distributed System Security Architecture,5
1857,DNS Security Extension,5
1858,DNS Server,5
1859,Dolphin Browser,5
1860,Domain Name System (DNS),5
1861,Dooble,5
1862,Dropbox,5
1863,Dynamic DNS,5
1864,Dynamic Host Configuration Protocol (DHCP),5
1865,Eavesdropping,5
1866,Elastic Load Balancer,5
1867,Electrical Socket,5
1868,Electronic Access Control,5
1869,Electronic Filing System,5
1870,Electronic Key Management System,5
1871,Elliptic Curve Cryptography,5
1872,Emacs Web Wowser (eww),5
1873,Email Spoofing,5
1874,EMC Atmos,5
1875,EMC Cloud Computing,5
1876,Encrypted Key Exchange,5
1877,Encrypting File System,5
1878,Encryption,5
1879,Encryption Software,5
1880,Engine Yard,5
1881,Enhanced Interior Gateway Routing Protocol (EIGRP),5
1882,Enterprise Information System,5
1883,Epic,5
1884,Ethernet,5
1885,Ethernet Local Area Network,5
1886,Ethernet Over Twisted Pair,5
1887,Ethernet Physical Layer,5
1888,Ethernet VPN (EVPN),5
1889,Eucalyptus,5
1890,Exploit,5
1891,Extensible Authentication Protocol,5
1892,Falkon,5
1893,Fast Ethernet,5
1894,Fibre Channel Over Ethernet,5
1895,File Format,5
1896,File System,5
1897,File System Permission,5
1898,File Transfer Protocol (FTP),5
1899,Filesystem-Level Encryption,5
1900,Financial Privacy,5
1901,Firewall,5
1902,Force.com,5
1903,Fujitsu,5
1904,Gateway Load Balancing Protocol,5
1905,GE Predix,5
1906,Gecko,5
1907,Gecko-based Web Browser,5
1908,General Parallel File System,5
1909,Geographic Information System,5
1910,Gigabit Ethernet,5
1911,Global Server Load Balancing,5
1912,GNOME Web,5
1913,GNU IceCat,5
1914,GoGrid,5
1915,Google Chart API,5
1916,Google Chrome,5
1917,Google Cloud Platform (GCP),5
1918,Google Drive,5
1919,Google Kubernetes Engine (GKE),5
1920,Google Services,5
1921,Google Workspace,5
1922,GreenButton,5
1923,GreenQloud,5
1924,Hadoop Common,5
1925,Hadoop Ozone,5
1926,Hadoop YARN,5
1927,Hardware Random-Number Generator (HRNG),5
1928,Hardware Security,5
1929,Helion,5
1930,Heroku,5
1931,High Assurance Internet Protocols Encryptor,5
1932,Hortonworks Sandbox,5
1933,Hot Standby Router Protocol,5
1934,HP Cloud,5
1935,HTTP Live Streaming,5
1936,HTTP Method,5
1937,Hyper-V,5
1938,Hypertext Transfer Protocol (HTTP),5
1939,Hypertext Transfer Protocol Secure (HTTPS),5
1940,IBM Cloud,5
1941,IBM Cloud Computing,5
1942,IBM Disk Storage System,5
1943,IBM Resource Access Control Facility,5
1944,IBM XIV Storage System,5
1945,iCab,5
1946,iland,5
1947,Informatics,5
1948,Information and Communications Technology (ICT),5
1949,Information Management,5
1950,Information Privacy,5
1951,Information Retrieval,5
1952,Information Security,5
1953,Information Storage System,5
1954,Information System,5
1955,Information Systems Security,5
1956,Information Systems Security Assessment Framework (ISSAF),5
1957,Information Technology (IT),5
1958,Information Threat,5
1959,Infrastructure as a Service (IaaS),5
1960,Inktank,5
1961,Integrated Service Router,5
1962,Integrated Windows Authentication,5
1963,Interior Gateway Routing Protocols,5
1964,Internet,5
1965,Internet Explorer,5
1966,Internet Key Exchange,5
1967,Internet Layer,5
1968,Internet Message Access Protocol (IMAP),5
1969,Internet of Things (IoT),5
1970,Internet Protocl version 4 (IPv4),5
1971,Internet Protocl version 6 (IPv6),5
1972,Internet Protocol (IP),5
1973,Internet Protocol Suite,5
1974,Internet Security,5
1975,Internet Security Association And Key Management Protocol,5
1976,Intrusion Detection System,5
1977,IP Address,5
1978,IP Address Blocking,5
1979,IP Address Management,5
1980,IP Address Spoofing,5
1981,IP Addressing,5
1982,IP Multicasting,5
1983,IP Routing,5
1984,Iplant Web Server,5
1985,Isilon,5
1986,IT Operations,5
1987,Java Cryptography Architecture,5
1988,Java Cryptography Extension,5
1989,Java Secure Socket Extension,5
1990,JavaScript Object Notation (JSON),5
1991,Jelastic,5
1992,Journaling File System,5
1993,Joyent,5
1994,K-Meleon,5
1995,Kerberos,5
1996,Kernel-based Virtual Machine (KVM),5
1997,Key Management,5
1998,Key Management Interoperability Protocol,5
1999,Keylogger,5
2000,Keystroke Logging,5
2001,Konqueror,5
2002,Kubernetes,5
2003,LenelS2,5
2004,libguestfs,5
2005,libvirt,5
2006,Lightweight Directory Access Protocol (LDAP),5
2007,Link Aggregation,5
2008,Link Layer,5
2009,Link Layer Discovery Protocol,5
2010,Link Layer Topology Discovery,5
2011,Link-State Routing Protocol,5
2012,Links,5
2013,Linode,5
2014,Load Balancing,5
2015,Logic Bomb,5
2016,Lunacloud,5
2017,Lunascape,5
2018,Lynx,5
2019,MAC Spoofing,5
2020,Malware,5
2021,Malware Analysis,5
2022,Malware Detection,5
2023,Malwarebytes' Anti-Malware,5
2024,Maxthon,5
2025,Media Access Control,5
2026,Media Gateway Control Protocol (MGCP),5
2027,Medical Privacy,5
2028,Medium Access Control,5
2029,Mendix,5
2030,Message Authentication Code (MAC),5
2031,Metro Ethernet,5
2032,Microsoft Azure,5
2033,Microsoft Edge,5
2034,Microsoft Office 365,5
2035,Microsoft OneDrive,5
2036,Microsoft Personal Web Server,5
2037,Midori,5
2038,MindSphere,5
2039,Mirantis,5
2040,Mobile IP,5
2041,Mobile Security,5
2042,Mobile Security Gateway,5
2043,Modular Multiplication-Based Block Cipher (MMB),5
2044,Monte Carlo Method,5
2045,Mozilla Firefox,5
2046,Multi-Factor Authentication,5
2047,Multicast Address Allocation Server,5
2048,Multicast Routing Protocol,5
2049,Multicast Source Discovery Protocol,5
2050,Multicasting,5
2051,Multimedia Information System,5
2052,Multitopology Routing Configuration,5
2053,Navel Whale,5
2054,NetFront Browser,5
2055,Netlify,5
2056,NetSurf,5
2057,Network,5
2058,Network Access Control,5
2059,Network Architecture,5
2060,Network Component,5
2061,Network File System,5
2062,Network Layer,5
2063,Network Load Balancing,5
2064,Network Load Balancing Service,5
2065,Network Management,5
2066,Network News Transfer Protocol (NNTP),5
2067,Network Optimization,5
2068,Network Performance Evaluation,5
2069,Network Protocol,5
2070,Network Routing,5
2071,Network Scheduler,5
2072,Network Security,5
2073,Network Service,5
2074,Network Socket,5
2075,Network Time Protocol (NTP),5
2076,Network Topology,5
2077,Network-Attached Storage System,5
2078,Nimbula,5
2079,Nimbus,5
2080,NT File System (NTFS),5
2081,Offensive Security Certified Professional (OSCP),5
2082,On-Demand Multicast Routing Protocol (ODMRP),5
2083,Open Access Network (OAN),5
2084,Open Cloud Computing Interface,5
2085,OpenIO,5
2086,OpenNebula,5
2087,openQRM,5
2088,OpenShift,5
2089,OpenStack,5
2090,Opera,5
2091,Operations,5
2092,Optimized Link State Routing Protocol,5
2093,Oracle Cloud,5
2094,Oracle VirtualBox,5
2095,Oracle VM,5
2096,OrionVM,5
2097,Otter Browser,5
2098,OutSystems,5
2099,Ovirt,5
2100,Pale Moon,5
2101,Password,5
2102,Password Authentication Protocol,5
2103,Password Cracking,5
2104,Password Generator,5
2105,Password Management,5
2106,Password Policy,5
2107,Password Safe,5
2108,Password Synchronization,5
2109,Password-Authenticated Key Agreement,5
2110,Payload,5
2111,Phising,5
2112,Physical Security,5
2113,PirateBrowser,5
2114,Platform as a Service (PaaS),5
2115,Pluggable Authentication Module (PAM),5
2116,Post Office Protocol (POP),5
2117,Precision Time Protocol (PTP),5
2118,Pretty Good Privacy (PGP),5
2119,Privacy,5
2120,Privacy Law,5
2121,Privilege Escalation,5
2122,Procedural Generation,5
2123,Process Control System,5
2124,Protocol,5
2125,Protocol Independent Multicast,5
2126,Pseudorandom Number Generator (PRNG),5
2127,Public Key Cryptography,5
2128,Public Key Cryptography Standards (PKCS),5
2129,Public Key Infrastructure,5
2130,Public-key Encryption,5
2131,Puffin Browser,5
2132,Puppet,5
2133,PythonAnywhere,5
2134,QQ Browser,5
2135,Quantum Cryptography,5
2136,qutebrowser,5
2137,Rackspace,5
2138,Rackspace Cloud,5
2139,Random Number Generation (RNG),5
2140,Ransomware,5
2141,Raw Socket,5
2142,Red Hat,5
2143,Remote Authentication Dial In User Service (RADIUS),5
2144,Right to Financial Privacy Act,5
2145,RightScale,5
2146,Rivest-Shamir-Adleman (RSA),5
2147,Role-Based Access Control (RBAC),5
2148,Rootkit,5
2149,Route Management,5
2150,Router,5
2151,Routing Protocol,5
2152,Runtime Application Self-protection,5
2153,Safari,5
2154,Safe Swiss Cloud,5
2155,SalamWeb,5
2156,Samsung Internet Browser,5
2157,SAP Cloud Platform,5
2158,Scalr,5
2159,Screen Scraper,5
2160,Scripting,5
2161,SeaMonkey,5
2162,Secure by Default,5
2163,Secure by Design,5
2164,Secure Coding,5
2165,Secure Hash Algorithm,5
2166,Secure Hypertext Transfer Protocol,5
2167,Secure Password Authentication,5
2168,Secure Remote Password Protocol,5
2169,Secure Shell (SSH),5
2170,Secure Socket Layer (SSL),5
2171,Security,5
2172,Security Exploit,5
2173,Security Management,5
2174,Security-focused Operating System,5
2175,Sentry,5
2176,Simple Password Exponential Key Exchange (SPEKE),5
2177,Simple Public Key Infrastructure,5
2178,Sleipnir,5
2179,SlimBrowser,5
2180,Social Engineering,5
2181,Social Information System,5
2182,Social Security,5
2183,Socket,5
2184,Socket Programming,5
2185,Socket.io,5
2186,Socketserver,5
2187,SoftLayer,5
2188,Source-Specific Multicast,5
2189,Spoofing,5
2190,Sputnik,5
2191,Spyware,5
2192,SQL Injection,5
2193,SRWare Iron,5
2194,Steganography,5
2195,Storage Management,5
2196,Storage System,5
2197,Stream Cipher,5
2198,Stream Processing,5
2199,Stream Restoration,5
2200,Streaming,5
2201,Subnet,5
2202,Subnetwork,5
2203,Substitution Cipher,5
2204,Support,5
2205,surf,5
2206,Symmetric-key Encryption,5
2207,System Administration,5
2208,System Analysis,5
2209,Tabular Data Stream,5
2210,Tampering,5
2211,Technical Support,5
2212,Telecommunication,5
2213,TenFourFox,5
2214,Terminal Access Controller Access-Control System (TACACS),5
2215,Tor,5
2216,Transmission Control Protocol (TCP),5
2217,Transport Layer,5
2218,Transport Layer Security (TLS),5
2219,UC Browser,5
2220,Uniform Resource Identifier (URI) Scheme,5
2221,Unix File System,5
2222,User Datagram Protocol (UDP),5
2223,Value Stream Mapping,5
2224,Verification And Validation,5
2225,Virtual IP Address,5
2226,Virtual Network,5
2227,Virtual Private Cloud OnDemand,5
2228,Virtual Router Redundancy Protocol,5
2229,Visual Cryptography,5
2230,Vivaldi,5
2231,Vmware ESXi,5
2232,Vmware vCloud Air,5
2233,Vulnerability,5
2234,VxLAN (Virtual Extensible LAN),5
2235,w3m,5
2236,Wakame-vdc,5
2237,Waterfox,5
2238,WaveMaker,5
2239,Web API,5
2240,Web Application Security,5
2241,Web Browser,5
2242,Web Server,5
2243,Web Server Gateway Interface,5
2244,Web Server Software,5
2245,Web Shell,5
2246,WebKit,5
2247,WebKit-based Web Browser,5
2248,Wireless Application Protocol (WAP),5
2249,Wireless Distribution System,5
2250,Wireless Engineering,5
2251,Wireless LAN,5
2252,Wireless LAN Controllers,5
2253,Wireless Network,5
2254,Wireless Paging System,5
2255,Wireless Routing Protocol,5
2256,Wireless Security,5
2257,Wireless Site Survey,5
2258,Workday,5
2259,World Wide Web (WWW),5
2260,Xen,5
2261,Xen Cloud Platform,5
2262,XML Encryption,5
2263,XML Interface For Network Service,5
2264,XtremIO,5
2265,Yandex Browser,5
2266,Zadara Storage,5
2267,Zeus Web Server,5
2268,Zoho,5
2269,Abstract Algebra,6
2270,Addition,6
2271,Algebra,6
2272,Algebraic Geometry,6
2273,Algebraic Number Theory,6
2274,Algebraic Topology,6
2275,Analytic Geometry,6
2276,Analytic Number Theory,6
2277,Applied Mathematics,6
2278,Approximation,6
2279,Arithmetic,6
2280,Arithmetic Geometry,6
2281,Basic Calculus,6
2282,Bayesian,6
2283,Bilateral Monopoly,6
2284,Branch and Bound,6
2285,Calculus,6
2286,Coding Theory,6
2287,Combinatorial Geometry,6
2288,Combinatorial Number Theory,6
2289,Combinatorics,6
2290,Complex Analysis,6
2291,Computability Theory,6
2292,Computational Geometry,6
2293,Computational Number Theory,6
2294,Conic Sections,6
2295,Constructive Mathematics,6
2296,Convex Geometry,6
2297,Coordinate Geometry,6
2298,Covariance Matrix,6
2299,Curvature,6
2300,Decimal,6
2301,Decision Theory,6
2302,Derivative,6
2303,Descriptive Geometry,6
2304,Differential Geometry,6
2305,Differential Topology,6
2306,Differentiation,6
2307,Digital Geometry,6
2308,Diophantine Geometry,6
2309,Discrete Geometry,6
2310,Discrete Mathematics,6
2311,Division,6
2312,Econometrics,6
2313,Elementary Algebra,6
2314,Elementary Number Theory,6
2315,Enumerative Combinatorics,6
2316,Euclidean Geometry,6
2317,External Combinatorics,6
2318,Formal Logic,6
2319,Fractal Geometry,6
2320,Fraction,6
2321,Function,6
2322,General Topology,6
2323,Geometric Number Theory,6
2324,Geometry,6
2325,Gradient Descent,6
2326,Graph,6
2327,Graph Theory,6
2328,Induction,6
2329,Informal Logic,6
2330,Input-output Model,6
2331,Integer,6
2332,Lambda Calculus,6
2333,Linear Algebra,6
2334,Linear Algebra Package (LAPACK),6
2335,Linear Programming,6
2336,Logic,6
2337,Mathematical Analysis,6
2338,Mathematical Economics,6
2339,Mathematical Finance,6
2340,Mathematical Function,6
2341,Mathematical Logic,6
2342,Mathematical Modelling,6
2343,Mathematical Optimization,6
2344,Mathematical Physics,6
2345,Mathematical Programming,6
2346,Mathematics,6
2347,Mathematics Foundations,6
2348,MATLAB,6
2349,Matrix Algebra,6
2350,Mechanism Design,6
2351,Model Theory,6
2352,Money Creation,6
2353,Money Demand,6
2354,Money Supply,6
2355,Multiplication,6
2356,Multivariate Calculus,6
2357,Natural Number,6
2358,Network Theory,6
2359,Number Representation,6
2360,Number Theory,6
2361,Numerical Differentiation,6
2362,Numerical Integration,6
2363,Numerical Linear Algebra,6
2364,Numerical Method,6
2365,Operations Research,6
2366,Polyhedra,6
2367,Polytope,6
2368,Predicate Logic,6
2369,Proof Theory,6
2370,Propositional Logic,6
2371,Pure Mathematics,6
2372,Relation Algebra,6
2373,Riemannian Geometry,6
2374,Set,6
2375,Set Theory,6
2376,Subtraction,6
2377,Syllogistic Logic,6
2378,Symbolic Logic,6
2379,Topology,6
2380,Track Geometry,6
2381,Transcendental Number Theory,6
2382,Univariate Calculus,6
2383,Active Listening,1
2384,Ad Design,1
2385,Adobe Acrobat,1
2386,Adobe Creative Application,1
2387,Adobe Illustrator,1
2388,Adobe InDesign,1
2389,Adobe Photoshop,1
2390,Aesthetics,1
2391,Animation,1
2392,Anthropolocial Linguistics,1
2393,Anthropology,1
2394,Anthropology of Religion,1
2395,Anthrozoology,1
2396,Applied Anthropology,1
2397,Applied Linguistics,1
2398,Archaeology,1
2399,Art History,1
2400,Arts,1
2401,Arts and Crafts,1
2402,Audio,1
2403,Audio Format,1
2404,Behavioral Geography,1
2405,Bengali,1
2406,Bhojpuri,1
2407,Biolinguistics,1
2408,Burmese,1
2409,Canon Law,1
2410,Cartography,1
2411,Children Geography,1
2412,Clinical Linguistics,1
2413,Coaching,1
2414,Cognitive Linguistics,1
2415,Cognitive Science,1
2416,Colour Sense,1
2417,Colour Theory,1
2418,Commercial Photography,1
2419,Communication Studies,1
2420,Comparative Linguistics,1
2421,Computational Linguistics,1
2422,Computational Social Science,1
2423,Computer Game,1
2424,Conceptual Art,1
2425,Cooking,1
2426,Corel Draw,1
2427,Creativity,1
2428,Critical Geography,1
2429,Culinary Art,1
2430,Cultural  Geography,1
2431,Cultural Anthropology,1
2432,Cultural Studies,1
2433,Dance,1
2434,Descriptive Decision Theory,1
2435,Design,1
2436,Design Analysis,1
2437,Development Geography,1
2438,Development Linguistics,1
2439,Dialectology,1
2440,Dialectometry,1
2441,Digital Art,1
2442,Digital Image,1
2443,Digital Media,1
2444,Digital Printing,1
2445,Discourse Analysis,1
2446,Dreamweaver,1
2447,Eastern Punjabi,1
2448,Egyptian Arabic,1
2449,English,1
2450,Entertainment,1
2451,Epistemology,1
2452,Ethics,1
2453,Ethnobiology,1
2454,Ethnobotany,1
2455,Ethnography,1
2456,Ethnology,1
2457,Ethnopoetics,1
2458,Etymology,1
2459,Evolutionary Anthropology,1
2460,Evolutionary Linguistics,1
2461,Experimental Archaeology,1
2462,Facebook,1
2463,Feminist Geography,1
2464,Fine Art,1
2465,Folkloristics,1
2466,Food,1
2467,Foreign Language,1
2468,Forensic Linguistics,1
2469,Free Hand,1
2470,French,1
2471,Game Design,1
2472,Game Development,1
2473,Gamification,1
2474,Gastronomy,1
2475,Gender and Sexuality Studies,1
2476,Geography,1
2477,Geolinguistics,1
2478,German,1
2479,Gerontology,1
2480,Graphic Design,1
2481,Gujarati,1
2482,Hakka Chinese,1
2483,Hausa,1
2484,Health Geography,1
2485,Hindi,1
2486,Hindu Law,1
2487,Historical Archaeology,1
2488,Historical Geography,1
2489,Historical Linguistics,1
2490,History,1
2491,History Of Linguistics,1
2492,History Of Psychology,1
2493,Human Geography,1
2494,Humanities,1
2495,Image,1
2496,Indonesian,1
2497,Industrial Design,1
2498,Infographics,1
2499,Instagram,1
2500,Interactive Media,1
2501,Interactive Media Design,1
2502,Interior Design,1
2503,Iranian Persian,1
2504,Italian,1
2505,Jain Law,1
2506,Japanese,1
2507,Javanese,1
2508,Jewish Law,1
2509,Jin Chinese,1
2510,Journalism,1
2511,Kannada,1
2512,Korean,1
2513,Language,1
2514,Language Acquisition,1
2515,Language Learning,1
2516,Legal Archaeology,1
2517,Legal Fiction,1
2518,Lexis,1
2519,Linguistic Anthropology,1
2520,Linguistic History,1
2521,Linguistic Typology,1
2522,Linguistics,1
2523,LinkedIn,1
2524,Literature,1
2525,Localization,1
2526,Logo Creation,1
2527,Maithili,1
2528,Malay,1
2529,Malayalam,1
2530,Mandarin Chinese,1
2531,Marathi,1
2532,Marxist Geography,1
2533,Media,1
2534,Media Studies,1
2535,Medical Anthropology,1
2536,Military Geography,1
2537,Min Nan Chinese,1
2538,Mobile Application Development,1
2539,Mobile Game,1
2540,Morphology,1
2541,Motion Film,1
2542,Motion Pictures,1
2543,Music,1
2544,Neurolinguistics,1
2545,News,1
2546,News Writing,1
2547,Normative Decision Theory,1
2548,Odia,1
2549,Orthography,1
2550,Performing Art,1
2551,Periscope,1
2552,Personal Coaching,1
2553,Philology,1
2554,Philosophy,1
2555,Philosophy of Education,1
2556,Philosophy of Language,1
2557,Philosophy of Mathematics,1
2558,Philosophy of Mind,1
2559,Philosophy of Science,1
2560,Phislophy of Information,1
2561,Phonetics,1
2562,Phonology,1
2563,Photo Editing,1
2564,Phraseology,1
2565,Physical Anthropology,1
2566,Physical Geography,1
2567,Polish,1
2568,Polotical Philosophy,1
2569,Population Geography,1
2570,Portuguese,1
2571,Poster,1
2572,Poster Design,1
2573,Pragmatics,1
2574,Professional Sports,1
2575,Prototyping,1
2576,Psycholinguistics,1
2577,Psychological Anthropology,1
2578,Radio,1
2579,Recreation,1
2580,Regional Geography,1
2581,Religious Studies,1
2582,Responsive Design,1
2583,Russian,1
2584,Semantics,1
2585,Sharia,1
2586,Sketch,1
2587,Social Geography,1
2588,Social Media,1
2589,Social Media Platform,1
2590,Social Philosophy,1
2591,Sociolinguistics,1
2592,Sound Design,1
2593,Spanish,1
2594,Speech and Language Pathology,1
2595,Speech Science,1
2596,Sports,1
2597,Sports Coaching,1
2598,Storyboarding,1
2599,Strategic Geography,1
2600,Stylistics,1
2601,Syntax,1
2602,Tamil,1
2603,Telegram,1
2604,Television,1
2605,Telugu,1
2606,Theatre,1
2607,TikTok,1
2608,Time Geography,1
2609,Tourism Geography,1
2610,Translation,1
2611,Turkish,1
2612,Twitter,1
2613,Typography,1
2614,Unity,1
2615,Urban Geography,1
2616,Urdu,1
2617,User Experience (UX),1
2618,User Experience Design,1
2619,User Experience Research Methodology,1
2620,User Modelling,1
2621,UX Design,1
2622,UX Research,1
2623,UX Research Methodology,1
2624,Vector Graphics,1
2625,Video,1
2626,Video Game Development,1
2627,Video Game Graphics,1
2628,Vietnamese,1
2629,Visual Art,1
2630,Visual Communication,1
2631,Western Punjabi,1
2632,Wireframing,1
2633,World History,1
2634,Writing Systems,1
2635,Wu Chinese,1
2636,Xiang Chinese,1
2637,Yoruba,1
2638,Youtube,1
2639,Yue Chinese,1
2640,Zooarchaeology,1
2641,Accoustical Engineering,0
2642,Aeronautical Engineering,0
2643,Aerospace,0
2644,Aerospace Engineering,0
2645,Agricultural Engineering,0
2646,Agricultural Production,0
2647,Agricultural Science,0
2648,Agriculture,0
2649,Agronomy,0
2650,Aircraft Management,0
2651,Airforce,0
2652,Amorphous Metals,0
2653,Animal Husbandry,0
2654,Apparel,0
2655,Applied Engineering,0
2656,Applied Physics,0
2657,Aquaculture,0
2658,Arboriculture,0
2659,Architectonics,0
2660,Architectural Engineering,0
2661,Architecture,0
2662,Astronautical Engineering,0
2663,Astronautics,0
2664,AutoCAD,0
2665,Automotive,0
2666,Automotive Engineering,0
2667,Aviation,0
2668,Aviation and Aerospace,0
2669,Bioengineering,0
2670,Biological Engineering,0
2671,Biomaterials Engineering,0
2672,Biomedical Engineering,0
2673,Bionics,0
2674,Biotechnology,0
2675,Broadcast Engineering,0
2676,Building Science,0
2677,Carpentry,0
2678,Casting,0
2679,Ceramic Engineering,0
2680,Chemical,0
2681,Chemical Engineering,0
2682,Civil Engineering,0
2683,CODE V,0
2684,Combat Engineering,0
2685,Composite Materials,0
2686,Computer Engineering,0
2687,Computer-Aided Manufacturing (CAM),0
2688,Construction Engineering,0
2689,Contract Research Organization (CRO),0
2690,Control Engineering,0
2691,Control System,0
2692,Control System Design,0
2693,Corrosion Engineering,0
2694,Crystal Engineering,0
2695,Drilling Engineering,0
2696,Electrical and Electronic Manufacturing,0
2697,Electrical Engineering,0
2698,Electromechanical Engineering,0
2699,Electromechanics,0
2700,Electronic and Electrical Engineering,0
2701,Electronic Control Systems,0
2702,Electronic Engineering,0
2703,Electronic Materials,0
2704,Electronics,0
2705,Energy Technology,0
2706,Engineering,0
2707,Engineering Physics,0
2708,Engineering Psychology,0
2709,Engineering Technology,0
2710,Environmental Data Analysis,0
2711,Environmental Engineering,0
2712,Ergonomics,0
2713,ETAP,0
2714,Facilities Engineering,0
2715,Floriculture,0
2716,Food Production,0
2717,Food Science,0
2718,Forensic Materials Engineering,0
2719,Forensic Science,0
2720,Forestry,0
2721,Genetic Engineering,0
2722,Geotechnical Engineering,0
2723,Health Science,0
2724,Horticulture,0
2725,Hydro Engineering,0
2726,Hydroculture,0
2727,Hydroponics,0
2728,Industrial Automation,0
2729,Industrial Engineering,0
2730,Information Engineering,0
2731,Instrumentaion Engineering,0
2732,Instrumentation,0
2733,Interferometer,0
2734,LabVIEW,0
2735,Landscape Architecture,0
2736,Language Engineering,0
2737,Logistic Engineering,0
2738,Machinery,0
2739,Machining,0
2740,Maintanence,0
2741,Manufacturing Engineering,0
2742,Manufacturing Operations,0
2743,Marine Engineering,0
2744,Materials Engineering,0
2745,Materials Science,0
2746,Mechanical Engineering,0
2747,Mechatronics,0
2748,Metabolic Engineering,0
2749,Metal Forming,0
2750,Metallurgical Engineering,0
2751,Metals,0
2752,Metrology,0
2753,Microtechnology,0
2754,Military Education,0
2755,Military Engineering,0
2756,Military History,0
2757,Military Organization,0
2758,Military Science,0
2759,Military Strategy and Tactics,0
2760,Military Technology Engineering,0
2761,Military Training,0
2762,Mining,0
2763,Mining Engineering,0
2764,Molecular Engineering,0
2765,Motion Control,0
2766,Motion Control System,0
2767,Multisim,0
2768,Nano Materials,0
2769,Nanotechnology,0
2770,Naval Architecture,0
2771,Neural Engineering,0
2772,Nuclear Engineering,0
2773,Nuclear Technology,0
2774,Nursing Informatics,0
2775,Oil and Energy,0
2776,Oil and Gas,0
2777,Optical Engineering,0
2778,Optical System,0
2779,Optics,0
2780,OpticStudio,0
2781,Performance Engineering,0
2782,Permaculture,0
2783,Photogrammetry,0
2784,Plastics,0
2785,Plastics Engineering,0
2786,Polymer Engineering,0
2787,Power Systems Engineering,0
2788,Precision Engineering,0
2789,Process Engineering,0
2790,Processor,0
2791,PSpice,0
2792,Quality Engineering,0
2793,Radiation Engineering,0
2794,Radiation Protection Engineering,0
2795,Reliability Engineering,0
2796,Repair,0
2797,Safety Engineering,0
2798,Science and Technology Studies,0
2799,Scientific Method,0
2800,Security Engineering,0
2801,Semiconductors,0
2802,Silviculture,0
2803,Simulink,0
2804,Space Exploration,0
2805,Spatial Science,0
2806,Sports Engineering,0
2807,Structural Engineering,0
2808,Support Engineering,0
2809,Surface Engineering,0
2810,Sustainability Studies,0
2811,Sustainable Development,0
2812,Systems Engineering,0
2813,Systems Science,0
2814,Systems Theory,0
2815,Telecommunications Engineering,0
2816,Textiles,0
2817,Thermal Engineering,0
2818,Tissue Engineering,0
2819,Transportation Engineering,0
2820,Urban Engineering,0
2821,Urban Planning,0
2822,Vacuum Engineering,0
2823,Vitreous Materials,0
2824,Water Engineering,0
2825,Welding,0
2826,"Absorption, Distribution, Metabolism, and Excretion (ADME)",7
2827,Adaptive Expectations,7
2828,Alternative Medicine,7
2829,Anatomy,7
2830,Anesthesiology,7
2831,Animal Health,7
2832,Astronomy,7
2833,Atomic Physics,7
2834,Basic Science,7
2835,Biochemistry,7
2836,Biodistribution,7
2837,Biogeography,7
2838,Biology,7
2839,Biomedicine,7
2840,Biostatistics,7
2841,Botany,7
2842,Cardiology,7
2843,Chemical Processing,7
2844,Chemistry,7
2845,Classical Mechanics,7
2846,Climatology,7
2847,Coastal Geography,7
2848,Condensed Matter Physics,7
2849,Conservation Medicine,7
2850,Cosmology,7
2851,Dentistry,7
2852,Dermatology,7
2853,Earth Science,7
2854,Ecology,7
2855,Electroencephalogram (EEG),7
2856,Electromagnetism,7
2857,Endocrinology,7
2858,Environmental Geography,7
2859,Environmental Science,7
2860,Environmental Technology,7
2861,Evolutionary Biology,7
2862,Family Medicine,7
2863,Fisheries Science,7
2864,Fluid Mechanics,7
2865,Functional Magnetic Resonance Imaging (fMRI),7
2866,Gastroenterology,7
2867,General Surgery,7
2868,Genetic Algorithm,7
2869,Genomics,7
2870,Geology,7
2871,Geomorphology,7
2872,Glaciology,7
2873,Gynecology,7
2874,Health Informatics,7
2875,Healthcare,7
2876,Healthcare Management,7
2877,High-Energy Partical Physics,7
2878,Human Anatomy,7
2879,Hydrology,7
2880,Immunogenicity,7
2881,Immunology,7
2882,Internal Medicine,7
2883,Investigational New Drug (IND),7
2884,Landscape Ecology,7
2885,Life Science,7
2886,Maximum Absorbable Dose (MAD),7
2887,Mechanics,7
2888,Mechanics of Deformable Solids,7
2889,Mechanics of Structures,7
2890,Medicine,7
2891,Meteorology,7
2892,Microbiology,7
2893,Modelling & Simulation (M&S),7
2894,Molecular Biology,7
2895,Molecular Physics,7
2896,Neurology,7
2897,Nuclear Physics,7
2898,Nursing,7
2899,Nutrition,7
2900,Oceanography,7
2901,Oncology,7
2902,Ophthalmology,7
2903,Optometry,7
2904,Organic Chemistry,7
2905,Palaeogeography,7
2906,Particle Mechanics,7
2907,Pathology,7
2908,Pathophysiology,7
2909,Patient Care,7
2910,Pediatrics,7
2911,Pharmaceutical Manufacturing,7
2912,Pharmaceutics,7
2913,Pharmacodynamics (PD),7
2914,Pharmacokinetics (PK),7
2915,Pharmacology,7
2916,Pharmacy,7
2917,Photonics,7
2918,Physical,7
2919,Physical Medicine,7
2920,Physical Science,7
2921,Physical Therapy,7
2922,Physics,7
2923,Physiology,7
2924,PK/PD (PKPD) Modelling,7
2925,Polymerase chain reaction (PCR),7
2926,Psychiatry,7
2927,Psychology,7
2928,Public Health,7
2929,Quantitative Polymerase Chain Reaction (qPCR),7
2930,Quantum Mechanics,7
2931,Radiology,7
2932,Rational Expectations,7
2933,Real-time Polymerase Chain Reaction (real-time PCR),7
2934,Rehabilitation,7
2935,Relativistic Mechanics,7
2936,Soil Geography,7
2937,Space Science,7
2938,Statistical Mechanis,7
2939,Sustainability,7
2940,Thermodynamics,7
2941,Toxicology,7
2942,Tumor Immunity,7
2943,Urology,7
2944,Veterinary,7
2945,Veterinary Medicine,7
2946,Zoology,7
2947,Administrative Law,8
2948,Aggregate Demand,8
2949,Aggregation Problem,8
2950,Agricultural Economics,8
2951,Agricultural Law,8
2952,Algorithmic Bias,8
2953,Amnesty Law,8
2954,Applied Economics,8
2955,Applied Psychology,8
2956,Average Cost,8
2957,Aviation Law,8
2958,Balance of Payments,8
2959,Banking Law,8
2960,Behaviour Analysis,8
2961,Behavioural Economics,8
2962,Bioeconomics,8
2963,Biopsychology,8
2964,Bond,8
2965,Budget Set,8
2966,Business Cycle,8
2967,Business Economics,8
2968,Capacity Utilization,8
2969,Capital Flight,8
2970,Central Bank,8
2971,Chinese Law,8
2972,Civics,8
2973,Civil Law,8
2974,Clinical Psychology,8
2975,Cognitive Bias,8
2976,Cognitive Psychology,8
2977,Commercial Law,8
2978,Commodity,8
2979,Common Law,8
2980,Comparative Economics,8
2981,Comparative Law,8
2982,Comparative Politics,8
2983,Competition,8
2984,Competition Law,8
2985,Computational Economics,8
2986,Construction Law,8
2987,Consumer Choice,8
2988,Consumer Confidence,8
2989,Consumer Protection,8
2990,Contract Law,8
2991,Contract Theory,8
2992,Convexity,8
2993,Conveyancing,8
2994,Corporate Law,8
2995,Corporate Liability,8
2996,Cost-benefit Analysis,8
2997,Credit Risk,8
2998,Credit Risk Analysis,8
2999,Credit Risk Modelling,8
3000,Criminal Law,8
3001,Criminology,8
3002,Critical Legal Studies,8
3003,Cross-Cultural Reasoning,8
3004,Cultural Psychology,8
3005,Culture,8
3006,Currency,8
3007,Cyberlaw,8
3008,Deadweight Loss,8
3009,Deflation,8
3010,Demand Shock,8
3011,Demography,8
3012,Depression,8
3013,Development Economics,8
3014,Development Studies,8
3015,Developmental Psychology,8
3016,Disinflation,8
3017,Dynamic Stochastic General Equilibrium (DSGE),8
3018,Ecological Economics,8
3019,Economic Analysis,8
3020,Economic Cost,8
3021,Economic Development,8
3022,Economic Equilibrium,8
3023,Economic Geography,8
3024,Economic Growth,8
3025,Economic History,8
3026,Economic Indications,8
3027,Economic Methodology,8
3028,Economic Model,8
3029,Economic Planning,8
3030,Economic Policy,8
3031,Economic Sociology,8
3032,Economic Statistics,8
3033,Economic Surplus,8
3034,Economic Systems,8
3035,Economic Value,8
3036,Economics,8
3037,Economies of Scale,8
3038,Economies of Scope,8
3039,Education,8
3040,Education Economics,8
3041,Educational Psychology,8
3042,Effective Demand,8
3043,Elasticity,8
3044,Election Law,8
3045,Emotional Intelligence (EQ),8
3046,Energy Economics,8
3047,Energy Law,8
3048,Entertainment Law,8
3049,Entrepreneurial Economics,8
3050,Environmental Economics,8
3051,Environmental Law,8
3052,Evolutionary Economics,8
3053,Evolutionary Psychology,8
3054,Expectations,8
3055,Expected Utility,8
3056,Experimental Economics,8
3057,Experimental Psychology,8
3058,Externality,8
3059,Family Law,8
3060,Feminist Economics,8
3061,Financial Economics,8
3062,Financial Law,8
3063,Firm,8
3064,Fiscal Policy,8
3065,Forensic Psychology,8
3066,Game Theory,8
3067,General Equilibrium Theory,8
3068,General Theory of Keynes,8
3069,Geopolitics,8
3070,Goods and Services,8
3071,Great Depression,8
3072,Green Economics,8
3073,Health Economics,8
3074,Health Law,8
3075,Health Psychology,8
3076,Heterodox Economics,8
3077,Humanistic Psychology,8
3078,Hyperinflation,8
3079,Ideology,8
3080,Immigration Law,8
3081,Indifference Curve,8
3082,Industrial and Organizational Psychology,8
3083,Industrial Organization,8
3084,Industrial Relations,8
3085,Inflation,8
3086,Information Science,8
3087,Insolvency Law,8
3088,Institutional Economics,8
3089,Intellectual Property Law,8
3090,Interest,8
3091,Interest Rate,8
3092,International Criminal Law,8
3093,International Economics,8
3094,International Human Rights,8
3095,International Law,8
3096,International Legal Theory,8
3097,International Politics,8
3098,International Relations Theory,8
3099,International Slavery Law,8
3100,International Studies,8
3101,International Trade,8
3102,International Trade Law,8
3103,Intertemporal Choice,8
3104,IS-LM Model,8
3105,Islamic Economics,8
3106,Knowledge Economics,8
3107,Labour and Employment Law,8
3108,Labour Economics,8
3109,Law,8
3110,Law and Economics,8
3111,Law Practice,8
3112,Legal Formalism,8
3113,Legal Management,8
3114,Legal Service,8
3115,Legal Systems,8
3116,Legal Theory,8
3117,Library Science,8
3118,Local Government Studies,8
3119,Macroeconmic Model,8
3120,Macroeconomics,8
3121,Managerial Economics,8
3122,Marginal Cost,8
3123,Marginal Utility,8
3124,Maritime Law,8
3125,Market Economy,8
3126,Market Failure,8
3127,Market Structure,8
3128,Media Law,8
3129,Media Psychology,8
3130,Microeconomics,8
3131,Microfoundations,8
3132,Military Law,8
3133,Mixed Economy,8
3134,Monetary Economics,8
3135,Monetary Policy,8
3136,Money,8
3137,Monopolistic Competition,8
3138,Monopoly,8
3139,Monopsony,8
3140,Music Therapy,8
3141,National Account Systems (NAS),8
3142,National Accounts,8
3143,Natural Resource Economics,8
3144,Neoclassical Economics,8
3145,Neuroeconomics,8
3146,Neuropsychology,8
3147,Non-Accelerating Inflation Rate of Unemployment (NAIRU),8
3148,Non-convexity,8
3149,Non-Disclosure Agreement (NDA),8
3150,Oligopoly,8
3151,Oligopsony,8
3152,Open Economy,8
3153,Opportunity Cost,8
3154,Paralegal Studies,8
3155,Pareto Efficiency,8
3156,Perfect Competition,8
3157,Personality Psychology,8
3158,Planned Economy,8
3159,Political Economy,8
3160,Political Geography,8
3161,Political Psychology,8
3162,Political Science,8
3163,Politics,8
3164,Preference,8
3165,Price,8
3166,Price Level,8
3167,Pricing Policy,8
3168,Principle of Legality,8
3169,Production Set,8
3170,Profit,8
3171,Property Law,8
3172,Psephology,8
3173,Psychology of Religion,8
3174,Psychometrics,8
3175,Psychophysics,8
3176,Public Administration,8
3177,Public Choice,8
3178,Public Economics,8
3179,Public Finance,8
3180,Public Good,8
3181,Public International Law,8
3182,Public Law,8
3183,Public Policy,8
3184,Purchasing Power Parity (PPP),8
3185,Rate of Profit,8
3186,Rationing,8
3187,Real Estate Economics,8
3188,Recession,8
3189,Regional Economics,8
3190,Religious Law,8
3191,Rent,8
3192,Returns to Scale,8
3193,Risk Aversion,8
3194,Roman Law,8
3195,Rule of Law,8
3196,Rural Sociology,8
3197,Saving,8
3198,Scarcity,8
3199,Securities,8
3200,Sensation and Perception Psychology,8
3201,Service Economics,8
3202,Shortage,8
3203,Shrinkflation,8
3204,Social Choice,8
3205,Social Cost,8
3206,Social Network,8
3207,Social Psychology,8
3208,Social Work,8
3209,Socialist Economics,8
3210,Socialist Law,8
3211,Socioeconomics,8
3212,Sociological Concept,8
3213,Space Law,8
3214,Sports Law,8
3215,Stagflation,8
3216,Statstical Interpretation,8
3217,Statutory Law,8
3218,Sunk Cost,8
3219,Supply and Demand,8
3220,Supply Shock,8
3221,Sustainable Agriculture,8
3222,Tax Law,8
3223,Therapy,8
3224,Transaction Cost,8
3225,Transport Economics,8
3226,Transport Law,8
3227,Transportation Economics,8
3228,Trust Law,8
3229,Uncertainty,8
3230,Unemployment,8
3231,Unenforced Law,8
3232,Unit Cost,8
3233,Urban Economics,8
3234,Urban Sociology,8
3235,Utility,8
3236,Voting Systems,8
3237,Wage,8
3238,Welfare Economics,8
3239,Xeert,8
3240,Yassa,8
