Skill,Count,JobPostedMonth,Source
Sales,2580,2021-01-01,MYFutureJobs
Selection,190,2021-01-01,MYFutureJobs
Adobe Illustrator,63,2021-01-01,MYFutureJobs
Adobe Photoshop,94,2021-01-01,MYFutureJobs
Advertising,286,2021-01-01,MYFutureJobs
Administration,1411,2021-01-01,MYFutureJobs
Engineering,914,2021-01-01,MYFutureJobs
Agriculture,42,2021-01-01,MYFutureJobs
Communication,1952,2021-01-01,MYFutureJobs
Management,1887,2021-01-01,MYFutureJobs
Training,1398,2021-01-01,MYFutureJobs
Transportation,201,2021-01-01,MYFutureJobs
Documentation,971,2021-01-01,MYFutureJobs
Conveyancing,44,2021-01-01,MYFutureJobs
Analysis,616,2021-01-01,MYFutureJobs
Branding,54,2021-01-01,MYFutureJobs
Budget,703,2021-01-01,MYFutureJobs
Market Research,149,2021-01-01,MYFutureJobs
Marketing Channel,24,2021-01-01,MYFutureJobs
Marketing Research,169,2021-01-01,MYFutureJobs
Public Relations (PR),145,2021-01-01,MYFutureJobs
Retail,249,2021-01-01,MYFutureJobs
Social Media,539,2021-01-01,MYFutureJobs
Storytelling,6,2021-01-01,MYFutureJobs
Viral Marketing,12,2021-01-01,MYFutureJobs
Business Process,125,2021-01-01,MYFutureJobs
Design,1183,2021-01-01,MYFutureJobs
SAP,138,2021-01-01,MYFutureJobs
Customer Service,760,2021-01-01,MYFutureJobs
English,1932,2021-01-01,MYFutureJobs
Jin Chinese,4,2021-01-01,MYFutureJobs
Scheduling,229,2021-01-01,MYFutureJobs
Sports,77,2021-01-01,MYFutureJobs
Banking,318,2021-01-01,MYFutureJobs
Processing,571,2021-01-01,MYFutureJobs
Innovation,200,2021-01-01,MYFutureJobs
Email Client,6,2021-01-01,MYFutureJobs
Quality Assurance (QA),441,2021-01-01,MYFutureJobs
Marketing,1298,2021-01-01,MYFutureJobs
Agile,197,2021-01-01,MYFutureJobs
Analytical,695,2021-01-01,MYFutureJobs
Application Programming Interface (API),147,2021-01-01,MYFutureJobs
Computer Science,458,2021-01-01,MYFutureJobs
Consulting,132,2021-01-01,MYFutureJobs
Development Management,27,2021-01-01,MYFutureJobs
Healthcare,157,2021-01-01,MYFutureJobs
HyperText Markup Language (HTML),117,2021-01-01,MYFutureJobs
Information System,84,2021-01-01,MYFutureJobs
Magento,8,2021-01-01,MYFutureJobs
Organizational Skill,82,2021-01-01,MYFutureJobs
Platform,465,2021-01-01,MYFutureJobs
PrestaShop,4,2021-01-01,MYFutureJobs
Problem Solving,615,2021-01-01,MYFutureJobs
Product Development,157,2021-01-01,MYFutureJobs
Vietnamese,43,2021-01-01,MYFutureJobs
WooCommerce,8,2021-01-01,MYFutureJobs
eCommerce,185,2021-01-01,MYFutureJobs
Business Administration,115,2021-01-01,MYFutureJobs
Market,911,2021-01-01,MYFutureJobs
Reporting,854,2021-01-01,MYFutureJobs
Research,581,2021-01-01,MYFutureJobs
Time Management,203,2021-01-01,MYFutureJobs
Trade,125,2021-01-01,MYFutureJobs
Autodesk Maya,18,2021-01-01,MYFutureJobs
Creatio,167,2021-01-01,MYFutureJobs
RStudio,119,2021-01-01,MYFutureJobs
Video,459,2021-01-01,MYFutureJobs
Accuracy,302,2021-01-01,MYFutureJobs
Audio,46,2021-01-01,MYFutureJobs
Complexity,40,2021-01-01,MYFutureJobs
Depression,52,2021-01-01,MYFutureJobs
Electronics,431,2021-01-01,MYFutureJobs
Finance,580,2021-01-01,MYFutureJobs
Hospitality,109,2021-01-01,MYFutureJobs
Insurance,249,2021-01-01,MYFutureJobs
Internet,178,2021-01-01,MYFutureJobs
Interpreter,128,2021-01-01,MYFutureJobs
Law,279,2021-01-01,MYFutureJobs
Objective-C,122,2021-01-01,MYFutureJobs
Protocol,90,2021-01-01,MYFutureJobs
Syntax,6,2021-01-01,MYFutureJobs
Translation,212,2021-01-01,MYFutureJobs
VOIP,14,2021-01-01,MYFutureJobs
Writing,456,2021-01-01,MYFutureJobs
Bagging,46,2021-01-01,MYFutureJobs
Bond,16,2021-01-01,MYFutureJobs
Beaker,35,2021-01-01,MYFutureJobs
Mechanics,36,2021-01-01,MYFutureJobs
Audit,593,2021-01-01,MYFutureJobs
Email,612,2021-01-01,MYFutureJobs
Quality Control,233,2021-01-01,MYFutureJobs
Quality Management,103,2021-01-01,MYFutureJobs
Repair,725,2021-01-01,MYFutureJobs
Presentation,591,2021-01-01,MYFutureJobs
Manufacturing,855,2021-01-01,MYFutureJobs
Leadership,426,2021-01-01,MYFutureJobs
Security,652,2021-01-01,MYFutureJobs
Metals,275,2021-01-01,MYFutureJobs
Plastics,124,2021-01-01,MYFutureJobs
Programming,155,2021-01-01,MYFutureJobs
Sketch,52,2021-01-01,MYFutureJobs
Textiles,24,2021-01-01,MYFutureJobs
Ad Design,243,2021-01-01,MYFutureJobs
Algorithm,58,2021-01-01,MYFutureJobs
Amazon Web Service (AWS),99,2021-01-01,MYFutureJobs
Android,64,2021-01-01,MYFutureJobs
Ansible,24,2021-01-01,MYFutureJobs
Apache Cordova,4,2021-01-01,MYFutureJobs
Architecture,184,2021-01-01,MYFutureJobs
Bitbucket,12,2021-01-01,MYFutureJobs
Business Analysis,80,2021-01-01,MYFutureJobs
Cascading Style Sheet (CSS),106,2021-01-01,MYFutureJobs
Continuous Integration (CI),99,2021-01-01,MYFutureJobs
Data Structure,22,2021-01-01,MYFutureJobs
Database,472,2021-01-01,MYFutureJobs
DevOps Automation Tool,10,2021-01-01,MYFutureJobs
Docker,61,2021-01-01,MYFutureJobs
Enterprise System,4,2021-01-01,MYFutureJobs
Facebook Ads,39,2021-01-01,MYFutureJobs
GUI Design,4,2021-01-01,MYFutureJobs
Google Analytics,24,2021-01-01,MYFutureJobs
Greenhopper,4,2021-01-01,MYFutureJobs
IT Operations,189,2021-01-01,MYFutureJobs
Java,153,2021-01-01,MYFutureJobs
JavaScript,147,2021-01-01,MYFutureJobs
Jira,57,2021-01-01,MYFutureJobs
Kotlin,16,2021-01-01,MYFutureJobs
Kubernetes,67,2021-01-01,MYFutureJobs
Microsoft Azure,83,2021-01-01,MYFutureJobs
MySQL,113,2021-01-01,MYFutureJobs
Node.js,51,2021-01-01,MYFutureJobs
OpenShift,14,2021-01-01,MYFutureJobs
Oracle,100,2021-01-01,MYFutureJobs
PHP Development,30,2021-01-01,MYFutureJobs
Play,150,2021-01-01,MYFutureJobs
Problem Management,4,2021-01-01,MYFutureJobs
Project Management,214,2021-01-01,MYFutureJobs
Rally,57,2021-01-01,MYFutureJobs
React,72,2021-01-01,MYFutureJobs
React Native,16,2021-01-01,MYFutureJobs
Red Hat,4,2021-01-01,MYFutureJobs
Redux,12,2021-01-01,MYFutureJobs
Responsive Design,20,2021-01-01,MYFutureJobs
Scrum,71,2021-01-01,MYFutureJobs
Software Development,97,2021-01-01,MYFutureJobs
Software Documentation,4,2021-01-01,MYFutureJobs
Source Control,20,2021-01-01,MYFutureJobs
Spring Boot,6,2021-01-01,MYFutureJobs
Standard ML,6,2021-01-01,MYFutureJobs
Swift,47,2021-01-01,MYFutureJobs
TestNG,709,2021-01-01,MYFutureJobs
Testing,597,2021-01-01,MYFutureJobs
UI Design,7,2021-01-01,MYFutureJobs
User Interface (UI),88,2021-01-01,MYFutureJobs
VersionOne,4,2021-01-01,MYFutureJobs
Web Application,74,2021-01-01,MYFutureJobs
iOS,44,2021-01-01,MYFutureJobs
Chart,76,2021-01-01,MYFutureJobs
Electrical Engineering,156,2021-01-01,MYFutureJobs
Gradle,65,2021-01-01,MYFutureJobs
Sentry,507,2021-01-01,MYFutureJobs
Brand Management,224,2021-01-01,MYFutureJobs
Business Operations,85,2021-01-01,MYFutureJobs
Computer Worm,12,2021-01-01,MYFutureJobs
Data Analysis,75,2021-01-01,MYFutureJobs
Software Tool,87,2021-01-01,MYFutureJobs
Task Management,20,2021-01-01,MYFutureJobs
Teamwork,163,2021-01-01,MYFutureJobs
Outsourcing,9,2021-01-01,MYFutureJobs
Editing,138,2021-01-01,MYFutureJobs
Control Chart,14,2021-01-01,MYFutureJobs
Editor,69,2021-01-01,MYFutureJobs
Construction,652,2021-01-01,MYFutureJobs
News,34,2021-01-01,MYFutureJobs
Streaming,18,2021-01-01,MYFutureJobs
Apache Spark,52,2021-01-01,MYFutureJobs
Brainstorming,78,2021-01-01,MYFutureJobs
Chemical,196,2021-01-01,MYFutureJobs
Business Plan,128,2021-01-01,MYFutureJobs
Financial Statement,167,2021-01-01,MYFutureJobs
Forecasting,137,2021-01-01,MYFutureJobs
Rehabilitation,2,2021-01-01,MYFutureJobs
Risk Analysis,38,2021-01-01,MYFutureJobs
Malay,250,2021-01-01,MYFutureJobs
Microsoft Excel,487,2021-01-01,MYFutureJobs
Photo Editing,7,2021-01-01,MYFutureJobs
Publishing,100,2021-01-01,MYFutureJobs
Youtube,62,2021-01-01,MYFutureJobs
Microsoft PowerPoint,111,2021-01-01,MYFutureJobs
Office Administration,90,2021-01-01,MYFutureJobs
Photography,118,2021-01-01,MYFutureJobs
Budget Planning,6,2021-01-01,MYFutureJobs
Business Development,279,2021-01-01,MYFutureJobs
Email Marketing Campaign,8,2021-01-01,MYFutureJobs
Event Planning,4,2021-01-01,MYFutureJobs
Logistics,318,2021-01-01,MYFutureJobs
Telemarketing,77,2021-01-01,MYFutureJobs
Assembly,200,2021-01-01,MYFutureJobs
Chemical Engineering,55,2021-01-01,MYFutureJobs
Materials Science,4,2021-01-01,MYFutureJobs
Semiconductors,34,2021-01-01,MYFutureJobs
Accounting,769,2021-01-01,MYFutureJobs
Balance Sheet,107,2021-01-01,MYFutureJobs
Searching,83,2021-01-01,MYFutureJobs
Creativity,145,2021-01-01,MYFutureJobs
Closing,186,2021-01-01,MYFutureJobs
Ethics,50,2021-01-01,MYFutureJobs
Collaboration,254,2021-01-01,MYFutureJobs
Image,275,2021-01-01,MYFutureJobs
Information Technology (IT),820,2021-01-01,MYFutureJobs
Sports Engineering,25,2021-01-01,MYFutureJobs
Support Engineering,44,2021-01-01,MYFutureJobs
Negotiation,304,2021-01-01,MYFutureJobs
Chef,166,2021-01-01,MYFutureJobs
Table,218,2021-01-01,MYFutureJobs
PHP,86,2021-01-01,MYFutureJobs
Human Resource (HR),489,2021-01-01,MYFutureJobs
Induction,34,2021-01-01,MYFutureJobs
Recruiting,75,2021-01-01,MYFutureJobs
Machinery,427,2021-01-01,MYFutureJobs
Content Marketing,48,2021-01-01,MYFutureJobs
Critical Thinking,89,2021-01-01,MYFutureJobs
Digital Marketing,185,2021-01-01,MYFutureJobs
Facebook,161,2021-01-01,MYFutureJobs
Google Ads,49,2021-01-01,MYFutureJobs
Instagram,124,2021-01-01,MYFutureJobs
LinkedIn,44,2021-01-01,MYFutureJobs
Search Engine Marketing (SEM),63,2021-01-01,MYFutureJobs
Search Engine Optimization (SEO),115,2021-01-01,MYFutureJobs
Statistics,106,2021-01-01,MYFutureJobs
ISO 9001,74,2021-01-01,MYFutureJobs
Calendar,69,2021-01-01,MYFutureJobs
Fabrication,148,2021-01-01,MYFutureJobs
Microsoft,161,2021-01-01,MYFutureJobs
Network,389,2021-01-01,MYFutureJobs
Telecommunication,81,2021-01-01,MYFutureJobs
Welding,151,2021-01-01,MYFutureJobs
Hardware,221,2021-01-01,MYFutureJobs
Management Information System (MIS),21,2021-01-01,MYFutureJobs
Cloud Technology,10,2021-01-01,MYFutureJobs
Networking,121,2021-01-01,MYFutureJobs
Operating System,224,2021-01-01,MYFutureJobs
Peripheral,61,2021-01-01,MYFutureJobs
Written Communication,169,2021-01-01,MYFutureJobs
Concurrency,12,2021-01-01,MYFutureJobs
Development Tools,63,2021-01-01,MYFutureJobs
Nice,26,2021-01-01,MYFutureJobs
PL/SQL,12,2021-01-01,MYFutureJobs
Risk Management,137,2021-01-01,MYFutureJobs
Scripting,60,2021-01-01,MYFutureJobs
Software Development Life Cycle (SDLC),60,2021-01-01,MYFutureJobs
Solaris,34,2021-01-01,MYFutureJobs
Template,38,2021-01-01,MYFutureJobs
Unix Shell,16,2021-01-01,MYFutureJobs
Division,68,2021-01-01,MYFutureJobs
Automation,241,2021-01-01,MYFutureJobs
Configuration,193,2021-01-01,MYFutureJobs
Continuous Delivery (CD),83,2021-01-01,MYFutureJobs
Korean,36,2021-01-01,MYFutureJobs
Linux,91,2021-01-01,MYFutureJobs
Load Balancing,16,2021-01-01,MYFutureJobs
Middleware,23,2021-01-01,MYFutureJobs
Nonverbal Communication,157,2021-01-01,MYFutureJobs
Root Cause Analysis,70,2021-01-01,MYFutureJobs
Unix,18,2021-01-01,MYFutureJobs
Media,243,2021-01-01,MYFutureJobs
Affliate Marketing,12,2021-01-01,MYFutureJobs
Analytical Thinking,25,2021-01-01,MYFutureJobs
Coaching,182,2021-01-01,MYFutureJobs
Online Marketing,59,2021-01-01,MYFutureJobs
Product Roadmap,8,2021-01-01,MYFutureJobs
Team Building,18,2021-01-01,MYFutureJobs
Tracking System,15,2021-01-01,MYFutureJobs
Email Marketing,38,2021-01-01,MYFutureJobs
Entrepreneurship,30,2021-01-01,MYFutureJobs
Goods and Services,55,2021-01-01,MYFutureJobs
Telegram,6,2021-01-01,MYFutureJobs
Television,11,2021-01-01,MYFutureJobs
Twitter,71,2021-01-01,MYFutureJobs
Facilities Engineering,6,2021-01-01,MYFutureJobs
Mechanical Engineering,174,2021-01-01,MYFutureJobs
Performance Review,14,2021-01-01,MYFutureJobs
Product Knowledge,64,2021-01-01,MYFutureJobs
Report Analysis,11,2021-01-01,MYFutureJobs
Scorecard,15,2021-01-01,MYFutureJobs
Microsoft Office,330,2021-01-01,MYFutureJobs
Civil Engineering,77,2021-01-01,MYFutureJobs
Medium,89,2021-01-01,MYFutureJobs
Effective Communication,101,2021-01-01,MYFutureJobs
Enterprise Resource Planning (ERP),66,2021-01-01,MYFutureJobs
Performance Management,47,2021-01-01,MYFutureJobs
Systems Theory,71,2021-01-01,MYFutureJobs
Compiler,211,2021-01-01,MYFutureJobs
Graphic Design,284,2021-01-01,MYFutureJobs
Marketing Design,8,2021-01-01,MYFutureJobs
Outreach,28,2021-01-01,MYFutureJobs
Social Media Marketing,24,2021-01-01,MYFutureJobs
UX Design,32,2021-01-01,MYFutureJobs
User Experience (UX),169,2021-01-01,MYFutureJobs
Perceptron,88,2021-01-01,MYFutureJobs
Golang,233,2021-01-01,MYFutureJobs
Sorting,200,2021-01-01,MYFutureJobs
AutoCAD,224,2021-01-01,MYFutureJobs
Router,120,2021-01-01,MYFutureJobs
Machining,72,2021-01-01,MYFutureJobs
Management Accounting,80,2021-01-01,MYFutureJobs
Methodology,95,2021-01-01,MYFutureJobs
Nursing,37,2021-01-01,MYFutureJobs
Biology,80,2021-01-01,MYFutureJobs
Marine Engineering,8,2021-01-01,MYFutureJobs
Prototyping,49,2021-01-01,MYFutureJobs
Robotics,12,2021-01-01,MYFutureJobs
Architectural Engineering,3,2021-01-01,MYFutureJobs
Project Planning,56,2021-01-01,MYFutureJobs
Property,281,2021-01-01,MYFutureJobs
Decision Making,147,2021-01-01,MYFutureJobs
Pragmatics,48,2021-01-01,MYFutureJobs
Procurement,173,2021-01-01,MYFutureJobs
Production Process,272,2021-01-01,MYFutureJobs
Profiler,114,2021-01-01,MYFutureJobs
Quality Engineering,32,2021-01-01,MYFutureJobs
Reasoning,41,2021-01-01,MYFutureJobs
Software Engineering,130,2021-01-01,MYFutureJobs
Technical Documentation,40,2021-01-01,MYFutureJobs
Usability Engineering,21,2021-01-01,MYFutureJobs
Apparel,17,2021-01-01,MYFutureJobs
Scientific Method,10,2021-01-01,MYFutureJobs
Research and Development (R&D),153,2021-01-01,MYFutureJobs
Dreamweaver,10,2021-01-01,MYFutureJobs
Instrumentaion Engineering,3,2021-01-01,MYFutureJobs
Instrumentation,32,2021-01-01,MYFutureJobs
Business Management,71,2021-01-01,MYFutureJobs
Business Model,46,2021-01-01,MYFutureJobs
Investment,151,2021-01-01,MYFutureJobs
Management Consulting,31,2021-01-01,MYFutureJobs
Modelling,53,2021-01-01,MYFutureJobs
Product Marketing,44,2021-01-01,MYFutureJobs
SAS Statistical Analysis,12,2021-01-01,MYFutureJobs
Sales Operations,13,2021-01-01,MYFutureJobs
Strategic Management,8,2021-01-01,MYFutureJobs
Sustainability,46,2021-01-01,MYFutureJobs
Testing Hypothesis,6,2021-01-01,MYFutureJobs
Unit Cost,6,2021-01-01,MYFutureJobs
macOS,12,2021-01-01,MYFutureJobs
Computer Vision,16,2021-01-01,MYFutureJobs
Electronic Engineering,157,2021-01-01,MYFutureJobs
Mechatronics,76,2021-01-01,MYFutureJobs
Software Interface,12,2021-01-01,MYFutureJobs
Angular,52,2021-01-01,MYFutureJobs
Laravel,26,2021-01-01,MYFutureJobs
Biotechnology,28,2021-01-01,MYFutureJobs
Environmental Science,10,2021-01-01,MYFutureJobs
Forensic Science,10,2021-01-01,MYFutureJobs
Life Science,39,2021-01-01,MYFutureJobs
Pharmacology,10,2021-01-01,MYFutureJobs
Sequence,49,2021-01-01,MYFutureJobs
Industrial Engineering,30,2021-01-01,MYFutureJobs
R,79,2021-01-01,MYFutureJobs
Medicine,31,2021-01-01,MYFutureJobs
Precision Engineering,31,2021-01-01,MYFutureJobs
Sampling,57,2021-01-01,MYFutureJobs
Microbiology,9,2021-01-01,MYFutureJobs
Needs Analysis,8,2021-01-01,MYFutureJobs
Control System,50,2021-01-01,MYFutureJobs
Electronic Control Systems,12,2021-01-01,MYFutureJobs
Technical Support,176,2021-01-01,MYFutureJobs
Account Receivable,122,2021-01-01,MYFutureJobs
Accounts Payable,132,2021-01-01,MYFutureJobs
Petty Cash Control,6,2021-01-01,MYFutureJobs
Keras,42,2021-01-01,MYFutureJobs
Biomaterials Engineering,15,2021-01-01,MYFutureJobs
Materials Engineering,15,2021-01-01,MYFutureJobs
Online Media,70,2021-01-01,MYFutureJobs
Scheme,68,2021-01-01,MYFutureJobs
Zoom,18,2021-01-01,MYFutureJobs
Recommendations AI,89,2021-01-01,MYFutureJobs
Box,122,2021-01-01,MYFutureJobs
Financial Services,8,2021-01-01,MYFutureJobs
Statutory Law,6,2021-01-01,MYFutureJobs
Manufacturing Engineering,41,2021-01-01,MYFutureJobs
Cooking,167,2021-01-01,MYFutureJobs
Lead Generation,22,2021-01-01,MYFutureJobs
Aesthetics,33,2021-01-01,MYFutureJobs
Computer Hardware,51,2021-01-01,MYFutureJobs
Economics,78,2021-01-01,MYFutureJobs
Industrial Relations,37,2021-01-01,MYFutureJobs
Social Security,26,2021-01-01,MYFutureJobs
Debugging,36,2021-01-01,MYFutureJobs
Structured Query Language (SQL),255,2021-01-01,MYFutureJobs
Therapy,25,2021-01-01,MYFutureJobs
Machine Learning,92,2021-01-01,MYFutureJobs
Contact Manager,5,2021-01-01,MYFutureJobs
Client Relations,32,2021-01-01,MYFutureJobs
Windows,160,2021-01-01,MYFutureJobs
Revision Control,6,2021-01-01,MYFutureJobs
Software System,52,2021-01-01,MYFutureJobs
Growth Strategy,35,2021-01-01,MYFutureJobs
iland,21,2021-01-01,MYFutureJobs
Strategic Planning,24,2021-01-01,MYFutureJobs
Cold Calling,45,2021-01-01,MYFutureJobs
Legal Service,14,2021-01-01,MYFutureJobs
Real Estate,46,2021-01-01,MYFutureJobs
Sales Management,12,2021-01-01,MYFutureJobs
Sales Presentation,31,2021-01-01,MYFutureJobs
Saving,95,2021-01-01,MYFutureJobs
Casting,23,2021-01-01,MYFutureJobs
Spring,15,2021-01-01,MYFutureJobs
German,8,2021-01-01,MYFutureJobs
LeSS,74,2021-01-01,MYFutureJobs
Part-of-speech (POS) Tagging,51,2021-01-01,MYFutureJobs
Point of Sale (POS) Software,51,2021-01-01,MYFutureJobs
Pharmacy,21,2021-01-01,MYFutureJobs
Front End,92,2021-01-01,MYFutureJobs
jQuery,38,2021-01-01,MYFutureJobs
Population,14,2021-01-01,MYFutureJobs
Storage System,8,2021-01-01,MYFutureJobs
Coding,191,2021-01-01,MYFutureJobs
Carpentry,11,2021-01-01,MYFutureJobs
Benchmarking,23,2021-01-01,MYFutureJobs
Change Management,60,2021-01-01,MYFutureJobs
Manufacturing Operations,17,2021-01-01,MYFutureJobs
Resource Management,12,2021-01-01,MYFutureJobs
Repetition,12,2021-01-01,MYFutureJobs
Active Listening,12,2021-01-01,MYFutureJobs
Customer Relationship Management (CRM),71,2021-01-01,MYFutureJobs
Customer Service System,26,2021-01-01,MYFutureJobs
Interior Design,41,2021-01-01,MYFutureJobs
Mathematics,78,2021-01-01,MYFutureJobs
Music,37,2021-01-01,MYFutureJobs
Asset Management,44,2021-01-01,MYFutureJobs
Data Gathering,24,2021-01-01,MYFutureJobs
Data Security,8,2021-01-01,MYFutureJobs
Jenkins,31,2021-01-01,MYFutureJobs
Network Security,35,2021-01-01,MYFutureJobs
Secure Coding,6,2021-01-01,MYFutureJobs
Vmware ESXi,6,2021-01-01,MYFutureJobs
Accounting Software,91,2021-01-01,MYFutureJobs
First-in First-out (FIFO) Accounting,71,2021-01-01,MYFutureJobs
C,60,2021-01-01,MYFutureJobs
Information and Communications Technology (ICT),96,2021-01-01,MYFutureJobs
Data Sharing,12,2021-01-01,MYFutureJobs
Adaptability,33,2021-01-01,MYFutureJobs
Patient Care,6,2021-01-01,MYFutureJobs
Educational Psychology,8,2021-01-01,MYFutureJobs
System Administration,25,2021-01-01,MYFutureJobs
Classification,12,2021-01-01,MYFutureJobs
Food Science,48,2021-01-01,MYFutureJobs
Nutrition,37,2021-01-01,MYFutureJobs
Loader,8,2021-01-01,MYFutureJobs
Process Engineering,53,2021-01-01,MYFutureJobs
Legal Management,16,2021-01-01,MYFutureJobs
Augmented Reality (AR),83,2021-01-01,MYFutureJobs
Autoregressive (AR) Model,81,2021-01-01,MYFutureJobs
Array,24,2021-01-01,MYFutureJobs
Blogging,66,2021-01-01,MYFutureJobs
Utility,42,2021-01-01,MYFutureJobs
CouchDB,14,2021-01-01,MYFutureJobs
Github,48,2021-01-01,MYFutureJobs
Internet of Things (IoT),42,2021-01-01,MYFutureJobs
NoSQL,54,2021-01-01,MYFutureJobs
Software Development Kit (SDK),44,2021-01-01,MYFutureJobs
GitLab,51,2021-01-01,MYFutureJobs
Animation,59,2021-01-01,MYFutureJobs
Artificial Intelligence (AI),96,2021-01-01,MYFutureJobs
C#,82,2021-01-01,MYFutureJobs
Data Visualization,23,2021-01-01,MYFutureJobs
Database Management System,10,2021-01-01,MYFutureJobs
Drupal,10,2021-01-01,MYFutureJobs
Facial Recognition,6,2021-01-01,MYFutureJobs
Gamification,6,2021-01-01,MYFutureJobs
Google Cloud Platform (GCP),79,2021-01-01,MYFutureJobs
Hypertext Transfer Protocol (HTTP),8,2021-01-01,MYFutureJobs
Joomla,6,2021-01-01,MYFutureJobs
Mapping,45,2021-01-01,MYFutureJobs
Python,149,2021-01-01,MYFutureJobs
Unity,19,2021-01-01,MYFutureJobs
Virtual Reality (VR),6,2021-01-01,MYFutureJobs
Wireframes,30,2021-01-01,MYFutureJobs
Yii,6,2021-01-01,MYFutureJobs
Correlation,10,2021-01-01,MYFutureJobs
Customer Experience,75,2021-01-01,MYFutureJobs
Market Research Analysis,18,2021-01-01,MYFutureJobs
Property Maintenance,40,2021-01-01,MYFutureJobs
Property Management,34,2021-01-01,MYFutureJobs
Corporate Finance,12,2021-01-01,MYFutureJobs
Financial Law,8,2021-01-01,MYFutureJobs
NP Completeness,19,2021-01-01,MYFutureJobs
Automotive,70,2021-01-01,MYFutureJobs
Email Production,8,2021-01-01,MYFutureJobs
Apache Ant,7,2021-01-01,MYFutureJobs
Agricultural Science,18,2021-01-01,MYFutureJobs
Aquaculture,49,2021-01-01,MYFutureJobs
Variable,29,2021-01-01,MYFutureJobs
Bookkeeping,57,2021-01-01,MYFutureJobs
Adminitrative Assistance,43,2021-01-01,MYFutureJobs
Business Analytics,6,2021-01-01,MYFutureJobs
Data Analytics,40,2021-01-01,MYFutureJobs
Marketing Analytics,16,2021-01-01,MYFutureJobs
History,72,2021-01-01,MYFutureJobs
Human Resource Management,44,2021-01-01,MYFutureJobs
Equity,18,2021-01-01,MYFutureJobs
Investment Banking,6,2021-01-01,MYFutureJobs
Securities,10,2021-01-01,MYFutureJobs
Supply and Demand,12,2021-01-01,MYFutureJobs
Graph,16,2021-01-01,MYFutureJobs
Japanese,67,2021-01-01,MYFutureJobs
Stock Market,6,2021-01-01,MYFutureJobs
Microsoft Word,38,2021-01-01,MYFutureJobs
Newsletters,24,2021-01-01,MYFutureJobs
Market Segmentation,6,2021-01-01,MYFutureJobs
Shortage,29,2021-01-01,MYFutureJobs
Electromechanics,21,2021-01-01,MYFutureJobs
Optics,24,2021-01-01,MYFutureJobs
Automotive Engineering,20,2021-01-01,MYFutureJobs
Big Data,42,2021-01-01,MYFutureJobs
Natural Language Processing (NLP),16,2021-01-01,MYFutureJobs
Telecommunications Engineering,14,2021-01-01,MYFutureJobs
Electronic Key Management System,6,2021-01-01,MYFutureJobs
Shell,57,2021-01-01,MYFutureJobs
Agronomy,3,2021-01-01,MYFutureJobs
Links,46,2021-01-01,MYFutureJobs
Opera,6,2021-01-01,MYFutureJobs
PL,35,2021-01-01,MYFutureJobs
Uncertainty,10,2021-01-01,MYFutureJobs
Web Design,50,2021-01-01,MYFutureJobs
Oil and Gas,14,2021-01-01,MYFutureJobs
Commodity,12,2021-01-01,MYFutureJobs
Microsoft Outlook,50,2021-01-01,MYFutureJobs
Structural Engineering,15,2021-01-01,MYFutureJobs
Data Acquisition,10,2021-01-01,MYFutureJobs
SketchUp,12,2021-01-01,MYFutureJobs
Development Studies,6,2021-01-01,MYFutureJobs
Game Development,6,2021-01-01,MYFutureJobs
Aviation,11,2021-01-01,MYFutureJobs
Data Preparation,17,2021-01-01,MYFutureJobs
Income Statement,26,2021-01-01,MYFutureJobs
Competition,50,2021-01-01,MYFutureJobs
Property Information,13,2021-01-01,MYFutureJobs
Oral Communication,40,2021-01-01,MYFutureJobs
Tableau,13,2021-01-01,MYFutureJobs
eCommerce Platforms,22,2021-01-01,MYFutureJobs
Horticulture,6,2021-01-01,MYFutureJobs
Product Liability,8,2021-01-01,MYFutureJobs
Business Intelligence (BI),60,2021-01-01,MYFutureJobs
Web Server,30,2021-01-01,MYFutureJobs
Programming Language,94,2021-01-01,MYFutureJobs
Rapid Application Development,20,2021-01-01,MYFutureJobs
Web Application Development,28,2021-01-01,MYFutureJobs
Business Ethics,18,2021-01-01,MYFutureJobs
Airlines,36,2021-01-01,MYFutureJobs
International Business,24,2021-01-01,MYFutureJobs
Maintanence,14,2021-01-01,MYFutureJobs
Cloud Application,6,2021-01-01,MYFutureJobs
Polish,26,2021-01-01,MYFutureJobs
Consumer Behaviour,7,2021-01-01,MYFutureJobs
Database Administration,11,2021-01-01,MYFutureJobs
Regression Analysis,19,2021-01-01,MYFutureJobs
Data Mining,18,2021-01-01,MYFutureJobs
Django,13,2021-01-01,MYFutureJobs
Physics,23,2021-01-01,MYFutureJobs
Web Framework,17,2021-01-01,MYFutureJobs
Web Scraping,5,2021-01-01,MYFutureJobs
.NET Framework,19,2021-01-01,MYFutureJobs
Cloud Platform,6,2021-01-01,MYFutureJobs
Lean Software Development,27,2021-01-01,MYFutureJobs
Product Management,46,2021-01-01,MYFutureJobs
Software as a Service (SaaS),10,2021-01-01,MYFutureJobs
Urban Engineering,6,2021-01-01,MYFutureJobs
DevOps,66,2021-01-01,MYFutureJobs
Encryption,6,2021-01-01,MYFutureJobs
Kanban,15,2021-01-01,MYFutureJobs
Key Management,6,2021-01-01,MYFutureJobs
Scaled Agile Framework (SAFe),6,2021-01-01,MYFutureJobs
Terraform,26,2021-01-01,MYFutureJobs
Vulnerability,6,2021-01-01,MYFutureJobs
Agile Software Development,6,2021-01-01,MYFutureJobs
D3.js,10,2021-01-01,MYFutureJobs
Dashboard,96,2021-01-01,MYFutureJobs
Data Pipeline,12,2021-01-01,MYFutureJobs
Enterprise Software,6,2021-01-01,MYFutureJobs
Visualization,26,2021-01-01,MYFutureJobs
Social Media Platform,58,2021-01-01,MYFutureJobs
Variance Analysis,25,2021-01-01,MYFutureJobs
Investor Relations,7,2021-01-01,MYFutureJobs
Copywriting,51,2021-01-01,MYFutureJobs
Journalism,41,2021-01-01,MYFutureJobs
Configuration Management,16,2021-01-01,MYFutureJobs
Software Deployment,6,2021-01-01,MYFutureJobs
Time Series,6,2021-01-01,MYFutureJobs
Virtualization,36,2021-01-01,MYFutureJobs
Radiology,6,2021-01-01,MYFutureJobs
Geometry,10,2021-01-01,MYFutureJobs
Unified Process (UP),20,2021-01-01,MYFutureJobs
Optical System,6,2021-01-01,MYFutureJobs
Literature,32,2021-01-01,MYFutureJobs
Safari,11,2021-01-01,MYFutureJobs
Entertainment,18,2021-01-01,MYFutureJobs
Motion Graphic Design,12,2021-01-01,MYFutureJobs
Social Network,16,2021-01-01,MYFutureJobs
Fast Ethernet,6,2021-01-01,MYFutureJobs
Clear Communication,52,2021-01-01,MYFutureJobs
Target Audience,51,2021-01-01,MYFutureJobs
Database System,12,2021-01-01,MYFutureJobs
Business Intelligence Tool,7,2021-01-01,MYFutureJobs
Dataset,7,2021-01-01,MYFutureJobs
Mergers and Acquisitions (M&A),33,2021-01-01,MYFutureJobs
Predictive Modelling,29,2021-01-01,MYFutureJobs
Subject Matter Expert (SME),58,2021-01-01,MYFutureJobs
Extensible Markup Language (XML),24,2021-01-01,MYFutureJobs
MongoDB,4,2021-01-01,MYFutureJobs
Software Requirement,8,2021-01-01,MYFutureJobs
A/B Testing,63,2021-01-01,MYFutureJobs
Code Review,56,2021-01-01,MYFutureJobs
Git,91,2021-01-01,MYFutureJobs
Pay-Per-Click (PPC) Marketing,8,2021-01-01,MYFutureJobs
Web API,4,2021-01-01,MYFutureJobs
Modelling & Simulation (M&S),2,2021-01-01,MYFutureJobs
Extract Transform Load (ETL),31,2021-01-01,MYFutureJobs
Transformer,40,2021-01-01,MYFutureJobs
Version Control System,4,2021-01-01,MYFutureJobs
Web Development,14,2021-01-01,MYFutureJobs
WordPress,23,2021-01-01,MYFutureJobs
Music Therapy,4,2021-01-01,MYFutureJobs
Payment Processing,8,2021-01-01,MYFutureJobs
Proof Theory,4,2021-01-01,MYFutureJobs
Data Presentation,6,2021-01-01,MYFutureJobs
Firewall,18,2021-01-01,MYFutureJobs
Oracle Databases,6,2021-01-01,MYFutureJobs
Spanish,18,2021-01-01,MYFutureJobs
Database Application,14,2021-01-01,MYFutureJobs
Pivot Table,8,2021-01-01,MYFutureJobs
Business Continuity Planning,21,2021-01-01,MYFutureJobs
Information Security,22,2021-01-01,MYFutureJobs
Video Production,22,2021-01-01,MYFutureJobs
Apache Tomcat,8,2021-01-01,MYFutureJobs
C++,33,2021-01-01,MYFutureJobs
EJB,8,2021-01-01,MYFutureJobs
Intellectual Property (IP),32,2021-01-01,MYFutureJobs
Internet Protocol (IP),32,2021-01-01,MYFutureJobs
Microsoft Access,8,2021-01-01,MYFutureJobs
Mobile Application Development,10,2021-01-01,MYFutureJobs
Pascal,8,2021-01-01,MYFutureJobs
Transmission Control Protocol (TCP),20,2021-01-01,MYFutureJobs
WebSphere,8,2021-01-01,MYFutureJobs
Message Authentication Code (MAC),3,2021-01-01,MYFutureJobs
Cisco Router,14,2021-01-01,MYFutureJobs
IP Address,6,2021-01-01,MYFutureJobs
Radio,20,2021-01-01,MYFutureJobs
CMM,34,2021-01-01,MYFutureJobs
Meteorology,6,2021-01-01,MYFutureJobs
Metrology,6,2021-01-01,MYFutureJobs
Business Strategy,50,2021-01-01,MYFutureJobs
Microsoft .NET,7,2021-01-01,MYFutureJobs
Project Chart,6,2021-01-01,MYFutureJobs
Regression Testing,6,2021-01-01,MYFutureJobs
Software Architecture,16,2021-01-01,MYFutureJobs
Indonesian,14,2021-01-01,MYFutureJobs
Chemistry,34,2021-01-01,MYFutureJobs
Business Acumen,33,2021-01-01,MYFutureJobs
Innovation Management,6,2021-01-01,MYFutureJobs
Market Analysis,10,2021-01-01,MYFutureJobs
Software Package,6,2021-01-01,MYFutureJobs
Talent Management,6,2021-01-01,MYFutureJobs
Quantitative Polymerase Chain Reaction (qPCR),6,2021-01-01,MYFutureJobs
Project Supervision,25,2021-01-01,MYFutureJobs
Computing,14,2021-01-01,MYFutureJobs
Apache Kafka,29,2021-01-01,MYFutureJobs
Distributed System,16,2021-01-01,MYFutureJobs
Grails,14,2021-01-01,MYFutureJobs
Graph Database,16,2021-01-01,MYFutureJobs
PostgreSQL,36,2021-01-01,MYFutureJobs
Profiling,16,2021-01-01,MYFutureJobs
RESTful API,18,2021-01-01,MYFutureJobs
Relational Database,36,2021-01-01,MYFutureJobs
Ruby on Rails,14,2021-01-01,MYFutureJobs
Software Design,36,2021-01-01,MYFutureJobs
TypeScript,10,2021-01-01,MYFutureJobs
Campaign Optimization,6,2021-01-01,MYFutureJobs
Marketing Psychology,8,2021-01-01,MYFutureJobs
Salesforce,15,2021-01-01,MYFutureJobs
Software Application,14,2021-01-01,MYFutureJobs
Italian,20,2021-01-01,MYFutureJobs
Poster,24,2021-01-01,MYFutureJobs
Deep Learning,16,2021-01-01,MYFutureJobs
Expectation-Maximization (EM),12,2021-01-01,MYFutureJobs
Tax Law,9,2021-01-01,MYFutureJobs
Cloud Service,26,2021-01-01,MYFutureJobs
Elasticsearch,6,2021-01-01,MYFutureJobs
Incident Management,18,2021-01-01,MYFutureJobs
Puppet,12,2021-01-01,MYFutureJobs
Regression,26,2021-01-01,MYFutureJobs
Software Testing,10,2021-01-01,MYFutureJobs
Complex Analysis,2,2021-01-01,MYFutureJobs
Philosophy,10,2021-01-01,MYFutureJobs
Public Speaking,63,2021-01-01,MYFutureJobs
Apache Cassandra,2,2021-01-01,MYFutureJobs
Apache Hadoop,31,2021-01-01,MYFutureJobs
Apache Hive,10,2021-01-01,MYFutureJobs
Data Science,56,2021-01-01,MYFutureJobs
Jelastic,3,2021-01-01,MYFutureJobs
Food Production,14,2021-01-01,MYFutureJobs
Empathy,6,2021-01-01,MYFutureJobs
Linker,22,2021-01-01,MYFutureJobs
Cookies,2,2021-01-01,MYFutureJobs
Motion Pictures,29,2021-01-01,MYFutureJobs
Special Effects,26,2021-01-01,MYFutureJobs
Optometry,10,2021-01-01,MYFutureJobs
CVS,31,2021-01-01,MYFutureJobs
Digital Media,8,2021-01-01,MYFutureJobs
Ensemble,2,2021-01-01,MYFutureJobs
Office Management,23,2021-01-01,MYFutureJobs
Immunology,2,2021-01-01,MYFutureJobs
Toxicology,2,2021-01-01,MYFutureJobs
Socket,2,2021-01-01,MYFutureJobs
Delegation,26,2021-01-01,MYFutureJobs
Tamil,14,2021-01-01,MYFutureJobs
Sustainable Development,6,2021-01-01,MYFutureJobs
Google Drive,12,2021-01-01,MYFutureJobs
Storage Management,6,2021-01-01,MYFutureJobs
Marketing Consulting,2,2021-01-01,MYFutureJobs
Recreation,12,2021-01-01,MYFutureJobs
Flowchart,10,2021-01-01,MYFutureJobs
Computer-Aided Manufacturing (CAM),10,2021-01-01,MYFutureJobs
ISO 9000,2,2021-01-01,MYFutureJobs
Steganography,11,2021-01-01,MYFutureJobs
STATA,4,2021-01-01,MYFutureJobs
Geography,4,2021-01-01,MYFutureJobs
Rapport Building,2,2021-01-01,MYFutureJobs
Pandas,2,2021-01-01,MYFutureJobs
Accounting Standards,51,2021-01-01,MYFutureJobs
Cost Accounting,14,2021-01-01,MYFutureJobs
Working Capital,6,2021-01-01,MYFutureJobs
Requirements Gathering,8,2021-01-01,MYFutureJobs
Objection Handling,6,2021-01-01,MYFutureJobs
Performing Art,4,2021-01-01,MYFutureJobs
Atlassian,4,2021-01-01,MYFutureJobs
Velocity,8,2021-01-01,MYFutureJobs
Product Testing,17,2021-01-01,MYFutureJobs
Emotional Intelligence (EQ),2,2021-01-01,MYFutureJobs
Geographic Information System (GIS),18,2021-01-01,MYFutureJobs
Records Management,2,2021-01-01,MYFutureJobs
Media Production,2,2021-01-01,MYFutureJobs
Forth,8,2021-01-01,MYFutureJobs
IBM DB2,2,2021-01-01,MYFutureJobs
Support Vector Machine (SVM),16,2021-01-01,MYFutureJobs
Vmware,28,2021-01-01,MYFutureJobs
Email Management,7,2021-01-01,MYFutureJobs
Engineering Technology,3,2021-01-01,MYFutureJobs
Crisis Management,2,2021-01-01,MYFutureJobs
Currency,3,2021-01-01,MYFutureJobs
Know Your Customer (KYC),3,2021-01-01,MYFutureJobs
Virtual Network,3,2021-01-01,MYFutureJobs
Arts,16,2021-01-01,MYFutureJobs
Digital Art,12,2021-01-01,MYFutureJobs
Imagine,4,2021-01-01,MYFutureJobs
Pediatrics,4,2021-01-01,MYFutureJobs
Public Health,4,2021-01-01,MYFutureJobs
QA Testing,18,2021-01-01,MYFutureJobs
Computer Engineering,26,2021-01-01,MYFutureJobs
Newspapers,18,2021-01-01,MYFutureJobs
Visual Communication,2,2021-01-01,MYFutureJobs
Shiny,2,2021-01-01,MYFutureJobs
Microsoft Visio,1,2021-01-01,MYFutureJobs
MS SQL Server,21,2021-01-01,MYFutureJobs
Embedded System,1,2021-01-01,MYFutureJobs
Capacity Utilization,2,2021-01-01,MYFutureJobs
LaTeX,43,2021-01-01,MYFutureJobs
Mathematical Modelling,10,2021-01-01,MYFutureJobs
Probability,10,2021-01-01,MYFutureJobs
Encoding,8,2021-01-01,MYFutureJobs
Industrial Automation,16,2021-01-01,MYFutureJobs
Social Media Management,13,2021-01-01,MYFutureJobs
Cash Flow Management,24,2021-01-01,MYFutureJobs
Reverse Engineering,10,2021-01-01,MYFutureJobs
Authentication,24,2021-01-01,MYFutureJobs
Bash,22,2021-01-01,MYFutureJobs
Blockchain,38,2021-01-01,MYFutureJobs
Cryptography,10,2021-01-01,MYFutureJobs
Distributed Computing,36,2021-01-01,MYFutureJobs
Factoring,8,2021-01-01,MYFutureJobs
Wireframing,8,2021-01-01,MYFutureJobs
Data Capture,24,2021-01-01,MYFutureJobs
Power Management,24,2021-01-01,MYFutureJobs
Spring Framework,22,2021-01-01,MYFutureJobs
Tree,8,2021-01-01,MYFutureJobs
Burmese,13,2021-01-01,MYFutureJobs
Route Management,22,2021-01-01,MYFutureJobs
Tax Accounting,16,2021-01-01,MYFutureJobs
Build Automation,7,2021-01-01,MYFutureJobs
Culinary Art,7,2021-01-01,MYFutureJobs
Theatre,28,2021-01-01,MYFutureJobs
Polymer Engineering,4,2021-01-01,MYFutureJobs
Graphical User Interface (GUI),4,2021-01-01,MYFutureJobs
User Interface Design,4,2021-01-01,MYFutureJobs
Debugger,4,2021-01-01,MYFutureJobs
Microsoft SQL Server,4,2021-01-01,MYFutureJobs
Microsoft SQL Servers,4,2021-01-01,MYFutureJobs
Representational state transfer (REST),40,2021-01-01,MYFutureJobs
Visual Studio,4,2021-01-01,MYFutureJobs
Predictive Model,34,2021-01-01,MYFutureJobs
Liquidation,6,2021-01-01,MYFutureJobs
Professional Training,6,2021-01-01,MYFutureJobs
Online Business,17,2021-01-01,MYFutureJobs
Generally Accepeted Accounting Principles (GAAP),20,2021-01-01,MYFutureJobs
International Financial Reporting Standards (IFRS),16,2021-01-01,MYFutureJobs
Informatics,11,2021-01-01,MYFutureJobs
Agricultural Production,6,2021-01-01,MYFutureJobs
Cloud Computing,12,2021-01-01,MYFutureJobs
Infrastructure as Code (IaS),16,2021-01-01,MYFutureJobs
Commercial Law,15,2021-01-01,MYFutureJobs
Financial Regulation,10,2021-01-01,MYFutureJobs
Legal Systems,8,2021-01-01,MYFutureJobs
Public Policy,8,2021-01-01,MYFutureJobs
Semantic Analysis,4,2021-01-01,MYFutureJobs
Statistical Data Analysis,4,2021-01-01,MYFutureJobs
Agile Methodology,10,2021-01-01,MYFutureJobs
Slack,4,2021-01-01,MYFutureJobs
Content Management System (CMS),8,2021-01-01,MYFutureJobs
Data Management,24,2021-01-01,MYFutureJobs
Ecology,20,2021-01-01,MYFutureJobs
Annual Report,14,2021-01-01,MYFutureJobs
Advanced Encryption Standard (AES),4,2021-01-01,MYFutureJobs
Automated Essay Scoring (AES),4,2021-01-01,MYFutureJobs
Bootstrap,12,2021-01-01,MYFutureJobs
Systems Management,4,2021-01-01,MYFutureJobs
French,4,2021-01-01,MYFutureJobs
JavaScript Object Notation (JSON),32,2021-01-01,MYFutureJobs
JBoss,4,2021-01-01,MYFutureJobs
Knowledge Management,6,2021-01-01,MYFutureJobs
Service Management,14,2021-01-01,MYFutureJobs
Cryptocurrency,12,2021-01-01,MYFutureJobs
Infographics,8,2021-01-01,MYFutureJobs
Supply Chain Management,8,2021-01-01,MYFutureJobs
Supply Chain Risk Management,8,2021-01-01,MYFutureJobs
Gecko,6,2021-01-01,MYFutureJobs
Persuasion,4,2021-01-01,MYFutureJobs
Conceptual Art,4,2021-01-01,MYFutureJobs
Forestry,16,2021-01-01,MYFutureJobs
Secure Shell (SSH),6,2021-01-01,MYFutureJobs
Gantt Chart,4,2021-01-01,MYFutureJobs
Financial Modelling,5,2021-01-01,MYFutureJobs
Image Processing,4,2021-01-01,MYFutureJobs
Data Engineering,4,2021-01-01,MYFutureJobs
Marketing Management,11,2021-01-01,MYFutureJobs
Torch,4,2021-01-01,MYFutureJobs
Azure Machine Learning,18,2021-01-01,MYFutureJobs
Decision Process,4,2021-01-01,MYFutureJobs
Microsoft Power BI,14,2021-01-01,MYFutureJobs
SAS,6,2021-01-01,MYFutureJobs
Sentiment Analysis,4,2021-01-01,MYFutureJobs
Database Design,18,2021-01-01,MYFutureJobs
Web Analytics,18,2021-01-01,MYFutureJobs
Data Cleansing,10,2021-01-01,MYFutureJobs
Data Modelling,10,2021-01-01,MYFutureJobs
Teradata,4,2021-01-01,MYFutureJobs
Apache Oozie,8,2021-01-01,MYFutureJobs
Apache Sqoop,8,2021-01-01,MYFutureJobs
Apache Zookeeper,4,2021-01-01,MYFutureJobs
Data Architecture,10,2021-01-01,MYFutureJobs
HBase,8,2021-01-01,MYFutureJobs
Hadoop Distributed File System (HDFS),8,2021-01-01,MYFutureJobs
Scala,8,2021-01-01,MYFutureJobs
Text Analysis,4,2021-01-01,MYFutureJobs
Mean Shift,4,2021-01-01,MYFutureJobs
Wireless LAN,4,2021-01-01,MYFutureJobs
Biomedical Engineering,4,2021-01-01,MYFutureJobs
Logic,6,2021-01-01,MYFutureJobs
Signal Processing,4,2021-01-01,MYFutureJobs
Systems Engineering,6,2021-01-01,MYFutureJobs
Polymerase chain reaction (PCR),8,2021-01-01,MYFutureJobs
Social Psychology,4,2021-01-01,MYFutureJobs
ISO 13485,4,2021-01-01,MYFutureJobs
Corel Draw,4,2021-01-01,MYFutureJobs
Animal Husbandry,4,2021-01-01,MYFutureJobs
Biostatistics,4,2021-01-01,MYFutureJobs
MATLAB,4,2021-01-01,MYFutureJobs
SPSS,4,2021-01-01,MYFutureJobs
Mastercam,4,2021-01-01,MYFutureJobs
Production Set,8,2021-01-01,MYFutureJobs
Economic Growth,4,2021-01-01,MYFutureJobs
Network Service,2,2021-01-01,MYFutureJobs
Object-Oriented Programming (OOP),28,2021-01-01,MYFutureJobs
Programming Tool,4,2021-01-01,MYFutureJobs
Privacy,4,2021-01-01,MYFutureJobs
Dash,4,2021-01-01,MYFutureJobs
Operations Research,6,2021-01-01,MYFutureJobs
Pattern Recognition,4,2021-01-01,MYFutureJobs
Qlik Sense,4,2021-01-01,MYFutureJobs
R Shiny,4,2021-01-01,MYFutureJobs
Statistical Model,20,2021-01-01,MYFutureJobs
Time Series Analysis,4,2021-01-01,MYFutureJobs
Version Control,12,2021-01-01,MYFutureJobs
Information Management,12,2021-01-01,MYFutureJobs
Financial Risk,4,2021-01-01,MYFutureJobs
Build Tool,8,2021-01-01,MYFutureJobs
Elastic (ELK) Stack,8,2021-01-01,MYFutureJobs
Google Kubernetes Engine (GKE),8,2021-01-01,MYFutureJobs
Powershell,8,2021-01-01,MYFutureJobs
Ruby,10,2021-01-01,MYFutureJobs
Scripting Language,12,2021-01-01,MYFutureJobs
Localization,18,2021-01-01,MYFutureJobs
International Finance,8,2021-01-01,MYFutureJobs
Tcl,12,2021-01-01,MYFutureJobs
Mining,45,2021-01-01,MYFutureJobs
SQL Server Integration Services (SSIS),4,2021-01-01,MYFutureJobs
MariaDB,4,2021-01-01,MYFutureJobs
OpenStack,4,2021-01-01,MYFutureJobs
Ubuntu,4,2021-01-01,MYFutureJobs
Computer-Assisted Translation (CAT),12,2021-01-01,MYFutureJobs
COBOL,6,2021-01-01,MYFutureJobs
Requirement Analysis,12,2021-01-01,MYFutureJobs
Application Security,4,2021-01-01,MYFutureJobs
Network Layer,2,2021-01-01,MYFutureJobs
Socket Programming,2,2021-01-01,MYFutureJobs
Transport Layer,2,2021-01-01,MYFutureJobs
User Datagram Protocol (UDP),2,2021-01-01,MYFutureJobs
Mobile Development,6,2021-01-01,MYFutureJobs
SQLite,4,2021-01-01,MYFutureJobs
Database Development,2,2021-01-01,MYFutureJobs
Software Quality Assurance (SQA),2,2021-01-01,MYFutureJobs
Exploit,2,2021-01-01,MYFutureJobs
Regional Planning,2,2021-01-01,MYFutureJobs
Derivative,2,2021-01-01,MYFutureJobs
Energy Consumption,14,2021-01-01,MYFutureJobs
Hydroponics,2,2021-01-01,MYFutureJobs
Domain Name System (DNS),4,2021-01-01,MYFutureJobs
Verification And Validation,2,2021-01-01,MYFutureJobs
Content Management,16,2021-01-01,MYFutureJobs
Cybersecurity,12,2021-01-01,MYFutureJobs
Password,16,2021-01-01,MYFutureJobs
Financial Management,10,2021-01-01,MYFutureJobs
Chatbot,16,2021-01-01,MYFutureJobs
Source Code Management,14,2021-01-01,MYFutureJobs
vSphere,16,2021-01-01,MYFutureJobs
Behaviour Analysis,10,2021-01-01,MYFutureJobs
Clinical Psychology,10,2021-01-01,MYFutureJobs
Cultural Psychology,10,2021-01-01,MYFutureJobs
Developmental Psychology,10,2021-01-01,MYFutureJobs
Experimental Psychology,10,2021-01-01,MYFutureJobs
Forensic Psychology,10,2021-01-01,MYFutureJobs
Health Psychology,10,2021-01-01,MYFutureJobs
Digital Printing,5,2021-01-01,MYFutureJobs
Business Writing,8,2021-01-01,MYFutureJobs
Corporate Communication,16,2021-01-01,MYFutureJobs
Public Relations and Communications,8,2021-01-01,MYFutureJobs
Applied Statistics,30,2021-01-01,MYFutureJobs
Quantitative Research,16,2021-01-01,MYFutureJobs
Financial Engineering,9,2021-01-01,MYFutureJobs
Mathematical Economics,8,2021-01-01,MYFutureJobs
Audio Production,8,2021-01-01,MYFutureJobs
Extensible Stylesheet Language Transformations (XSLT),16,2021-01-01,MYFutureJobs
Network Architecture,16,2021-01-01,MYFutureJobs
Theano,5,2021-01-01,MYFutureJobs
Video Encoding,10,2021-01-01,MYFutureJobs
Algebra,10,2021-01-01,MYFutureJobs
Caffe,10,2021-01-01,MYFutureJobs
Cloud Computing Architecture,10,2021-01-01,MYFutureJobs
Data Science Tool,10,2021-01-01,MYFutureJobs
Matplotlib,10,2021-01-01,MYFutureJobs
NumPy,10,2021-01-01,MYFutureJobs
PyTorch,24,2021-01-01,MYFutureJobs
Reinforcement Learning,10,2021-01-01,MYFutureJobs
SciPy,10,2021-01-01,MYFutureJobs
Scikit-learn,24,2021-01-01,MYFutureJobs
TensorFlow,24,2021-01-01,MYFutureJobs
Google Worksapce,10,2021-01-01,MYFutureJobs
Google Workspace,32,2021-01-01,MYFutureJobs
Certified Information Systems Security Professional (CISSP),16,2021-01-01,MYFutureJobs
Clustering,8,2021-01-01,MYFutureJobs
National Account Systems (NAS),8,2021-01-01,MYFutureJobs
Perl,10,2021-01-01,MYFutureJobs
Operations Management,9,2021-01-01,MYFutureJobs
Construction Law,9,2021-01-01,MYFutureJobs
Confluence,22,2021-01-01,MYFutureJobs
Border Gateway Protocol (BGP),8,2021-01-01,MYFutureJobs
Certified Information Systems Auditor (CISA),8,2021-01-01,MYFutureJobs
Distributed Denial-of-service (DDoS),8,2021-01-01,MYFutureJobs
Network Management,8,2021-01-01,MYFutureJobs
Routing Protocol,8,2021-01-01,MYFutureJobs
Wireless Network,10,2021-01-01,MYFutureJobs
Wireless Security,8,2021-01-01,MYFutureJobs
Social Selling,6,2021-01-01,MYFutureJobs
Computing Platform,14,2021-01-01,MYFutureJobs
Decision Tree,14,2021-01-01,MYFutureJobs
Machine Learning Algorithm,14,2021-01-01,MYFutureJobs
Na√Øve Bayes,14,2021-01-01,MYFutureJobs
Statistical Distribution,14,2021-01-01,MYFutureJobs
Statistical Testing,14,2021-01-01,MYFutureJobs
Social Work,6,2021-01-01,MYFutureJobs
Applied Mathematics,6,2021-01-01,MYFutureJobs
Computer Game,12,2021-01-01,MYFutureJobs
Storyboarding,6,2021-01-01,MYFutureJobs
Psychometrics,5,2021-01-01,MYFutureJobs
Electronic Materials,6,2021-01-01,MYFutureJobs
Interactive Media,6,2021-01-01,MYFutureJobs
Social Networking Tool,6,2021-01-01,MYFutureJobs
Vacuum Engineering,4,2021-01-01,MYFutureJobs
Apache,6,2021-01-01,MYFutureJobs
Corporate Law,7,2021-01-01,MYFutureJobs
Cleanroom,6,2021-01-01,MYFutureJobs
Software Maintenance,6,2021-01-01,MYFutureJobs
Financial Accounting,9,2021-01-01,MYFutureJobs
Rent,2,2021-01-01,MYFutureJobs
Post Office Protocol (POP),2,2021-01-01,MYFutureJobs
Adobe Acrobat,2,2021-01-01,MYFutureJobs
File Transfer Protocol (FTP),2,2021-01-01,MYFutureJobs
Programming Model,2,2021-01-01,MYFutureJobs
Object-Relational Mapping (ORM),2,2021-01-01,MYFutureJobs
Chemical Processing,2,2021-01-01,MYFutureJobs
Ajax,4,2021-01-01,MYFutureJobs
Design Analysis,2,2021-01-01,MYFutureJobs
Integrated Development Environment (IDE),2,2021-01-01,MYFutureJobs
IntelliJ IDEA,2,2021-01-01,MYFutureJobs
Algorithmic Bias,2,2021-01-01,MYFutureJobs
CPLEX,2,2021-01-01,MYFutureJobs
Cognitive Bias,2,2021-01-01,MYFutureJobs
Cognitive Psychology,2,2021-01-01,MYFutureJobs
Gurobi,2,2021-01-01,MYFutureJobs
Human Factor Impact,2,2021-01-01,MYFutureJobs
Human-Computer Interaction (HCI),2,2021-01-01,MYFutureJobs
Mathematical Programming,2,2021-01-01,MYFutureJobs
Statstical Interpretation,2,2021-01-01,MYFutureJobs
Industrial Design,2,2021-01-01,MYFutureJobs
Psychology,2,2021-01-01,MYFutureJobs
Mixed Reality,2,2021-01-01,MYFutureJobs
Mathematical Logic,2,2021-01-01,MYFutureJobs
Software Process,2,2021-01-01,MYFutureJobs
Russian,2,2021-01-01,MYFutureJobs
Canonical-Correlation Analysis (CCA),2,2021-01-01,MYFutureJobs
Principal Component Analysis (PCA),2,2021-01-01,MYFutureJobs
Information Science,2,2021-01-01,MYFutureJobs
Reliability Engineering,2,2021-01-01,MYFutureJobs
Secure Socket Layer (SSL),2,2021-01-01,MYFutureJobs
Transport Layer Security (TLS),2,2021-01-01,MYFutureJobs
Typography,1,2021-01-01,MYFutureJobs
